date,score,technical,volume,margin,institutional,mdd_5d_pct,mdd_20d_pct
2020-11-11,20.6,10.6,30.3,31.4,10.0,0.3047,1.1177
2020-11-12,22.7,11.2,18.4,30.3,30.7,0.3693,1.1177
2020-11-13,23.0,9.8,20.4,32.1,29.6,0.4128,1.1177
2020-11-16,15.7,10.2,19.9,31.7,1.2,0.4128,1.2445
2020-11-17,17.8,9.8,18.4,30.9,12,0.5107,2.235
2020-11-18,17.9,13.4,23.4,31.1,3.8,1.0029,2.235
2020-11-19,28.8,11.5,19.6,31.1,52.9,1.0029,2.235
2020-11-20,25.4,10.5,20.1,33.6,37.5,1.0029,2.235
2020-11-23,22.7,13.2,23.5,34.0,19.9,1.1177,2.235
2020-11-24,25.6,10.8,22.0,32.3,37.2,1.0399,2.235
2020-11-25,29.4,9.4,16.7,32.0,59.2,1.0399,2.235
2020-11-26,23.6,10.3,23.9,32.8,27.3,1.0399,2.235
2020-11-27,24.3,10.8,17.9,34.9,33.7,1.0399,2.235
2020-11-30,46.9,8.8,38.9,61.8,78.2,0.0861,2.235
2020-12-01,32.2,9.7,25.2,64.0,29.7,0.0861,2.235
2020-12-02,33.2,10.5,23.5,71.0,27.8,0.0861,2.235
2020-12-03,30.0,9.8,17.5,42.1,50.6,0.9774,2.235
2020-12-04,28.3,11.7,23.8,62.3,15.3,0.9774,2.235
2020-12-07,38.0,13.0,31.6,58.9,48.7,1.2445,2.235
2020-12-08,32.5,14.9,23.2,62.7,29.2,2.235,2.235
2020-12-09,30.7,13.5,17.3,62.0,30.2,2.235,2.235
2020-12-10,36.2,12.1,22.4,45.6,64.7,1.3545,1.4425
2020-12-11,26.1,12.0,17.5,40.5,34.3,1.3545,1.4425
2020-12-14,31.3,12.9,20.4,45.4,46.5,1.003,1.4425
2020-12-15,37.9,12.5,23.6,45.6,70.1,1.4425,1.4425
2020-12-16,21.3,13.5,23.3,48.3,0.0,1.4425,1.4425
2020-12-17,27.5,12.9,25.2,46.0,25.8,1.4425,1.4425
2020-12-18,28.0,12.5,21.2,48.4,30.0,1.4425,1.4425
2020-12-21,26.5,13.1,24.3,49.5,19.1,1.4425,1.4425
2020-12-22,34.8,11.9,25.3,47.3,54.5,0.0761,1.0018
2020-12-23,27.8,11.3,21.8,47.5,30.6,0.0761,1.0018
2020-12-24,26.3,11.5,20.8,47.2,25.6,0.0761,1.0018
2020-12-25,26.5,11.3,20.9,51.3,22.5,0.0761,1.2829
2020-12-28,29.5,11.1,24.5,73.5,9.0,0.0761,3.0638
2020-12-29,27.6,11.4,18.0,45.8,35.2,0.1127,3.0638
2020-12-30,20.4,13.0,24.7,43.9,0.0,0.1127,4.5679
2020-12-31,25.8,12.9,19.7,40.6,29.9,0.1127,6.2862
2021-01-04,22.5,14.4,23.2,45.1,7.4,0.1127,6.2862
2021-01-05,28.3,15.2,22.7,44.1,31.1,0.3638,6.2862
2021-01-06,31.1,15.2,32.6,31.6,44.9,0.3638,6.2862
2021-01-07,21.4,16.5,21.1,31.6,16.5,0.3982,6.2862
2021-01-08,21.4,17.9,19.5,32.1,16.2,0.9739,6.2862
2021-01-11,37.4,18.6,24.9,70.8,35.4,1.0018,6.2862
2021-01-12,25.8,17.7,18.4,29.6,37.6,1.0018,6.2862
2021-01-13,25.4,21.8,19.7,42.5,17.7,1.0018,6.2862
2021-01-14,34.0,19.2,18.3,45.1,53.5,0.606,6.2862
2021-01-15,27.9,17.9,22.2,34.1,37.4,0.8341,6.2862
2021-01-18,25.5,17.4,21.0,30.7,33.0,1.2829,6.2862
2021-01-19,24.0,19.4,21.2,29.3,25.9,3.0638,6.2862
2021-01-20,33.1,19.0,17.8,27.7,67.8,3.0638,6.2862
2021-01-21,25.3,22.9,21.5,28.8,28.0,4.5679,6.2862
2021-01-22,38.1,20.6,25.3,29.7,76.7,5.498,5.498
2021-01-25,40.3,19.0,20.6,60.9,60.6,5.0684,5.0684
2021-01-26,39.5,14.8,32.7,33.5,76.8,3.5865,3.6284
2021-01-27,25.8,14.7,24.1,33.3,31.3,3.5865,3.8419
2021-01-28,39.7,21.5,32.4,30.7,74.2,1.8005,3.8419
2021-01-29,40.0,22.8,31.4,30.0,75.8,0.4128,3.8419
2021-02-01,19.1,21.4,22.9,25.4,6.7,0.4128,3.8419
2021-02-02,20.4,14.5,21.8,24.5,20.8,0.4128,3.8419
2021-02-03,20.9,13.9,20.3,21.2,28.2,0.5061,3.8419
2021-02-04,28.8,14.2,23.7,22.0,55.3,0.5061,3.8419
2021-02-05,23.0,14.9,26.2,20.0,30.9,0.5061,3.8419
2021-02-17,16.6,16.8,21.0,28.5,0.0,1.404,3.8419
2021-02-18,24.6,16.5,18.1,33.1,30.7,1.404,3.8419
2021-02-19,44.3,16.8,23.3,76.4,60.7,3.0293,3.8419
2021-02-22,35.2,16.2,17.5,76.5,30.5,3.0713,3.8419
2021-02-23,32.6,15.5,16.9,71.8,26.0,3.0713,3.8419
2021-02-24,36.0,14.5,21.6,40.4,67.4,3.3173,3.8419
2021-02-25,20.5,15.6,21.8,39.5,5.2,3.6284,3.8419
2021-02-26,45.9,21.4,41.6,37.6,83.0,2.4157,2.4157
2021-03-02,28.8,14.6,19.1,36.4,45.3,2.4157,2.4157
2021-03-03,20.0,14.3,21.3,30.9,13.4,2.4157,2.4157
2021-03-04,39.8,21.0,30.7,32.5,74.9,0.5425,1.7228
2021-03-05,36.3,21.3,21.0,34.6,68.3,0.2215,1.7228
2021-03-08,34.0,22.7,20.2,33.1,60,0.036,1.7228
2021-03-09,26.4,21.1,19.6,36.9,28.1,0.036,1.7228
2021-03-10,27.6,19.3,22.5,38.3,30.4,0.5967,1.7228
2021-03-11,19.7,9.8,21.9,41.9,5.3,0.5967,1.7228
2021-03-12,28.0,10.9,20.7,55.4,25.1,1.4891,1.7228
2021-03-15,31.9,10.6,21.8,63.8,31.3,1.4891,1.7228
2021-03-16,31.5,10.1,20.6,65.4,29.9,1.4891,1.7228
2021-03-17,40.6,10.4,25.1,70.9,56.1,1.57,1.57
2021-03-18,30.9,11.7,19.2,72.4,20.5,1.57,1.57
2021-03-19,48.8,23.3,22.2,72.6,77.2,0.9704,0.9704
2021-03-22,35.0,13.8,22.3,74.3,29.7,0.9704,0.9704
2021-03-23,32.1,14.5,16.8,54.3,42.9,0.8992,1.3098
2021-03-24,45.4,25.0,25.0,57.2,74.4,0.7476,1.3098
2021-03-25,39.0,24.1,18.7,53.1,60,0.7476,1.3098
2021-03-26,22.2,13.3,20.8,54.5,0.0,0.7476,1.3098
2021-03-29,25.3,9.0,23.7,45.5,23.0,0.7476,1.3098
2021-03-30,22.2,8.4,19.1,49.6,12,0.7476,1.3098
2021-03-31,36.8,11.9,23.2,54.4,57.6,0.4274,2.1229
2021-04-01,24.9,8.7,23.7,51.8,15.4,0.4274,3.7629
2021-04-06,25.1,8.0,22.8,52.0,17.6,0.5998,4.2763
2021-04-07,27.8,8.0,17.3,56.3,29.5,0.5998,4.2763
2021-04-08,30.9,8.4,24.6,61.7,28.8,0.5998,4.2763
2021-04-09,34.4,8.2,31.6,62.9,34.8,0.2064,4.2763
2021-04-12,36.2,8.8,31.2,67.2,37.7,0.2064,5.7557
2021-04-13,31.2,9.3,34.8,47.8,32.9,0.0,9.6246
2021-04-14,29.0,8.9,32.9,42.5,31.9,0.7028,10.9446
2021-04-15,26.3,9.4,24.6,45.9,25.4,1.3098,10.9446
2021-04-16,24.6,9.3,17.5,48.6,23.1,1.3098,12.7417
2021-04-19,40.3,9.9,31.1,95.5,24.7,1.3098,12.7417
2021-04-20,35.2,9.2,17.1,82.6,32.1,1.3098,12.7417
2021-04-21,48.5,9.2,21.5,91.8,71.6,0.6112,12.7417
2021-04-22,32.0,8.7,42.7,46.3,30.4,0.1662,12.7417
2021-04-23,24.2,8.2,24.5,48.8,15.4,2.1229,12.7417
2021-04-26,33.7,11.1,19.0,85.1,19.7,3.7629,12.7417
2021-04-27,39.8,10.3,17.8,100.0,31.2,4.2763,12.7417
2021-04-28,36.2,10.6,17.3,89.0,28.1,4.1218,12.6007
2021-04-29,33.4,10.6,16.8,67.9,38.1,4.117,12.5964
2021-05-03,35.9,9.6,28.7,51.6,53.6,2.2001,11.1722
2021-05-04,31.3,22.7,41.4,26.9,34.1,4.0606,11.1722
2021-05-05,34.7,25.1,27.1,28.6,57.9,7.999,11.1722
2021-05-06,25.5,22.9,25.1,21.0,33.1,9.3428,11.1722
2021-05-07,21.9,11.1,22.2,48.0,6.5,9.3428,11.1722
2021-05-10,35.6,12.0,20.2,80.4,30.0,10.9176,10.9176
2021-05-11,45.6,34.0,42.0,32.3,73.9,7.4126,7.4126
2021-05-12,52.2,55.1,43.4,64.4,46.0,3.449,3.449
2021-05-13,51.1,59.1,25.2,62.6,57.5,2.9898,2.9898
2021-05-14,33.5,53.7,26.1,5,49.2,2.9898,2.9898
2021-05-17,40.7,63.7,32.3,67,0.0,0.6418,1.6232
2021-05-18,23.0,42.3,43.8,0.0,5.8,0.6418,1.6232
2021-05-19,47.6,42.5,23.1,57,67.7,0.5597,1.6232
2021-05-20,40.4,44.1,35.1,26.8,55.6,0.2528,1.6232
2021-05-21,32.5,38.4,44.3,28.4,18.8,0.2528,1.8839
2021-05-24,30.5,38.2,26.7,28.1,29.2,0.2528,1.8839
2021-05-25,28.7,32.8,22.7,30.9,28.3,0.2528,1.8839
2021-05-26,30.2,24.4,39.8,30.2,26.2,0.2528,1.8839
2021-05-27,30.7,32.8,22.3,31.9,35.9,0.0,1.8839
2021-05-28,33.2,28.2,22.3,70.0,12.4,0.5726,1.8839
2021-05-31,35.6,24.0,24.6,69.6,24.3,0.9408,1.8839
2021-06-01,42.7,21.7,26.5,93.4,29.1,0.9854,1.8839
2021-06-02,38.8,21.6,19.8,77.7,36.2,1.6232,1.8839
2021-06-03,41.5,20.9,21.0,96.3,27.9,1.6232,1.8839
2021-06-04,41.1,23.7,25.3,55.8,59.6,1.0567,1.8839
2021-06-07,30.0,24.8,20.0,40.5,34.6,0.6889,1.8839
2021-06-08,32.8,23.0,40.7,33.2,34.2,0.6441,1.8839
2021-06-09,36.6,22.5,33.0,33.3,57.5,0.3651,1.8839
2021-06-10,23.1,20.1,25.8,33.5,12.9,0.4144,1.8839
2021-06-11,25.3,19.1,21.7,36.0,24.3,1.8839,1.8839
2021-06-15,34.7,12.1,25.7,79.4,21.7,1.8839,1.8839
2021-06-16,34.8,10.6,19.4,54.7,54.3,1.8839,1.8839
2021-06-17,37.3,9.4,21.2,84.2,34.3,1.8839,1.8839
2021-06-18,38.1,10.5,19.1,66.1,56.7,1.4756,1.4756
2021-06-21,51.6,15.9,23.6,91.1,75.7,0.0,1.4389
2021-06-22,37.1,23.5,17.7,61.0,46.0,0.0,2.8027
2021-06-23,25.1,12.7,19.6,53.6,14.6,0.0,3.1906
2021-06-24,29.5,11.8,21.1,60.9,24.3,0.2338,3.1906
2021-06-25,30.5,10.2,24.6,62.4,24.9,0.2552,3.1906
2021-06-28,40.2,9.8,24.4,100.0,26.6,0.2552,3.4969
2021-06-29,36.1,10.6,18.2,63.3,52.2,0.2552,4.2382
2021-06-30,37.2,9.1,23.1,100.0,16.6,0.3831,4.9848
2021-07-01,38.1,10.0,19.7,66.4,56.4,0.3831,4.9848
2021-07-02,45.6,10.5,17.1,99.1,55.6,1.4389,4.9848
2021-07-05,39.0,8.4,23.3,99.7,24.4,1.4389,4.9848
2021-07-06,39.7,8.0,20.2,100.0,30.4,1.4045,4.9848
2021-07-07,34.9,8.7,19.4,63.3,48.3,1.1452,4.9848
2021-07-08,30.7,8.3,18.3,65.2,31.1,1.1452,4.9848
2021-07-09,43.4,12.5,25.7,54.9,80.6,0.7704,4.9848
2021-07-12,29.2,10.2,24.5,60.0,22.2,1.3582,4.9848
2021-07-13,22.8,10.3,17.7,46.1,17.0,2.8027,4.9848
2021-07-14,25.6,10.2,20.1,47.0,25.1,3.1906,4.9848
2021-07-15,25.4,8.9,27.0,46.1,19.6,3.1906,4.9848
2021-07-16,35.3,10.1,25.3,48.0,57.9,2.439,5.1027
2021-07-19,43.0,11.2,26.1,52.5,82.1,2.1681,5.2306
2021-07-20,40.1,23.1,25.3,45.4,66.5,1.7245,5.4615
2021-07-21,35.3,25.1,19.4,47.9,48.9,2.4908,5.4615
2021-07-22,21.1,23.4,24.9,31.8,4.4,2.4908,7.0841
2021-07-23,26.5,23.7,19.9,35.9,26.3,2.4908,7.2739
2021-07-26,35.9,26.7,26.0,36.5,54.3,1.5419,7.2739
2021-07-27,30.6,28.9,25.5,37.4,30.3,0.893,7.2739
2021-07-28,34.6,32.7,24.6,25.3,55.7,0.893,7.2739
2021-07-29,22.8,27.2,23.5,25.7,14.9,0.893,7.2739
2021-07-30,33.2,29.8,25.0,26.6,51.5,0.5539,7.2739
2021-08-02,23.0,26.2,26.8,31.7,7.1,0.7872,7.2739
2021-08-03,27.9,25.4,26.4,30.9,28.7,1.7037,7.2739
2021-08-04,23.7,16.8,21.4,31.5,25.1,2.251,7.2739
2021-08-05,24.2,17.4,19.9,31.3,28.3,2.1768,7.1645
2021-08-06,32.0,25.9,21.0,30.4,50.7,3.1049,6.7575
2021-08-09,31.6,27.2,21.6,27.7,49.8,3.5824,6.5382
2021-08-10,32.3,30.2,26.8,24.1,48.2,3.823,5.6668
2021-08-11,36.3,33.1,25.5,62,24.8,3.2845,5.1386
2021-08-12,36.2,33.9,27.1,62,21.9,4.9044,5.0987
2021-08-13,40.5,41.4,26.1,24.7,69.8,3.7697,3.7697
2021-08-16,31.0,45.1,26.1,26.6,26.3,3.0656,3.0656
2021-08-17,52.1,57.7,34.6,62,53.9,2.8784,2.8784
2021-08-18,32.3,51.0,25.5,24.5,28.3,2.8784,2.8784
2021-08-19,50.8,64.1,30.5,25.5,83.0,0.2043,1.4068
2021-08-20,39.4,63.4,20.9,22.3,51.1,0.0,1.4068
2021-08-23,28.5,49.8,22.0,30.1,12.2,0.0,3.3745
2021-08-24,36.1,47.2,19.5,31.1,46.6,0.0,3.3745
2021-08-25,28.4,42.3,25.9,32.7,12.6,0.0932,3.3745
2021-08-26,37.2,42.6,20.3,31.0,54.8,0.975,3.3745
2021-08-27,23.8,32.1,25.7,30.7,6.8,0.975,3.3745
2021-08-30,21.5,28.6,26.7,30.5,0.3,0.975,3.7761
2021-08-31,21.2,27.3,25.1,27.5,5.0,0.975,3.7761
2021-09-01,24.2,27.8,19.5,28.5,20.8,1.4068,5.4007
2021-09-02,29.6,31.4,24.3,28.0,34.7,1.4068,6.3286
2021-09-03,20.3,26.9,24.1,30.1,0.0,1.4068,6.3286
2021-09-06,26.2,27.2,18.4,29.6,29.7,1.285,6.2996
2021-09-07,26.8,27.8,21.0,28.4,30.2,0.9087,6.1885
2021-09-08,32.2,31.3,25.1,26.0,46.5,0.69,6.1885
2021-09-09,29.6,30.6,28.3,27.1,32.2,1.1209,6.1885
2021-09-10,23.4,25.9,26.9,29.3,11.6,1.1318,6.447
2021-09-13,27.8,26.0,21.2,31.3,32.9,2.9834,6.2954
2021-09-14,26.5,25.5,22.7,30.9,27.0,2.9199,6.2341
2021-09-15,28.3,28.6,21.3,29.8,33.5,2.4673,5.797
2021-09-16,32.6,28.3,21.0,29.7,51.5,2.0423,5.5781
2021-09-17,28.9,35.7,20.0,30.1,29.8,2.0315,5.5781
2021-09-22,46.7,43.7,30.4,29.6,83.0,2.6471,5.5781
2021-09-23,31.0,40.8,26.8,29.5,27.1,2.6471,5.5781
2021-09-24,29.5,38.2,25.1,30.6,24.0,4.2907,5.5781
2021-09-27,27.3,37.2,19.2,32.0,21.0,5.2295,5.5781
2021-09-28,42.1,47.4,26.0,32.3,62.8,4.4996,4.8509
2021-09-29,48.3,54.1,30.5,30.3,78.3,3.1982,3.4649
2021-09-30,37.5,52.6,20.0,29.9,47.5,3.1982,3.4649
2021-10-01,50.2,59.5,39.9,24.6,76.8,1.0725,2.189
2021-10-04,44.5,62.1,24.2,62,29.7,1.5019,2.189
2021-10-05,34.2,61.4,18.2,5,52.1,2.189,2.189
2021-10-06,53.7,62.4,19.9,62,70.6,2.189,2.189
2021-10-07,28.6,55.7,20.3,38.3,0.0,2.189,2.189
2021-10-08,40.5,56.5,20.2,29.8,55.2,1.7574,1.7574
2021-10-12,43.2,59.0,24.7,28.1,61.0,0.6976,0.6976
2021-10-13,40.4,60.9,25.1,27.0,48.5,0.4513,0.5104
2021-10-14,34.2,66.2,20.5,26.1,24.1,0.4513,0.6101
2021-10-15,26.9,58.3,21.3,28.0,0.0,0.4513,0.6101
2021-10-18,35.8,59.4,19.3,38.6,26.0,0.076,0.6101
2021-10-19,28.5,48.1,24.6,29.4,12,0.076,0.6101
2021-10-20,33.4,48.2,20.5,30.2,34.8,0.0046,0.6101
2021-10-21,31.6,47.0,19.0,32.0,28.3,0.1928,0.6101
2021-10-22,32.8,47.4,19.7,32.2,31.7,0.5104,0.6101
2021-10-25,32.5,47.8,21.2,35.2,25.6,0.5104,0.6101
2021-10-26,33.6,45.4,24.1,37.5,27.3,0.5104,0.9823
2021-10-27,33.0,43.3,20.5,41.1,27.1,0.5104,1.1145
2021-10-28,40.0,42.7,18.3,43.3,55.6,0.3182,1.1145
2021-10-29,40.9,44.9,17.5,45.9,55.5,0.2529,2.6454
2021-11-01,35.2,41.0,17.3,50.1,32.3,0.2529,2.8769
2021-11-02,37.6,40.1,31.4,50.3,28.8,0.2529,2.8769
2021-11-03,33.4,39.2,18.5,50.4,25.5,0.2529,2.8769
2021-11-04,38.8,39.6,17.9,47.8,49.9,0.6101,2.8769
2021-11-05,26.7,37.1,22.2,47.7,0.0,0.6101,2.8769
2021-11-08,32.8,34.9,25.0,47.5,23.9,0.6101,2.8769
2021-11-09,29.1,33.4,24.1,47.0,12,0.6101,2.8769
2021-11-10,30.9,24.8,18.5,47.8,32.6,0.6101,2.8769
2021-11-11,34.3,26.2,24.7,47.0,39.1,0.0,2.8769
2021-11-12,30.4,26.6,17.6,47.1,30.1,0.1293,2.8769
2021-11-15,33.0,24.8,22.1,56.8,28.1,0.212,2.8769
2021-11-16,32.1,25.0,18.0,57.4,28.0,0.9823,2.8769
2021-11-17,31.9,17.2,17.7,60.5,32.2,1.1145,2.8769
2021-11-18,30.0,16.6,20.1,58.1,25.3,1.1145,2.8769
2021-11-19,30.1,16.6,17.2,59.3,27.1,2.5194,2.7512
2021-11-22,28.7,17.0,20.8,40.9,36.2,2.6705,2.6705
2021-11-23,36.0,19.8,24.7,29.8,69.8,1.9134,1.9134
2021-11-24,25.5,20.4,20.2,31.1,30.1,1.8472,1.8472
2021-11-25,31.7,20.2,20.7,32.9,53.1,1.8472,1.8472
2021-11-26,44.0,32.2,31.1,29.7,83.0,0.2378,1.757
2021-11-29,26.0,33.2,20.2,26.9,23.8,0.2069,1.757
2021-11-30,34.0,31.5,23.3,26.6,54.4,0.2069,1.757
2021-12-01,25.3,21.6,27.0,31.6,21.1,0.2069,1.757
2021-12-02,25.3,19.1,24.8,34.0,23.2,0.2069,1.757
2021-12-03,25.5,20.4,21.6,33.9,26.1,0.4905,1.757
2021-12-06,32.4,21.0,21.9,35.7,50.9,0.8179,1.757
2021-12-07,27.6,19.7,24.8,37.2,28.8,1.757,1.757
2021-12-08,19.9,19.2,18.9,30.3,11.3,1.757,1.757
2021-12-09,23.6,17.9,19.3,29.9,27.2,1.757,1.9248
2021-12-10,26.7,19.6,21.4,29.7,36.2,1.2728,1.9248
2021-12-13,27.0,21.0,20.2,30.1,36.6,0.9468,1.9248
2021-12-14,36.0,31.5,24.4,26.6,61.5,0.8055,1.9248
2021-12-15,33.2,30.8,26.1,27.6,48.4,0.8055,1.9248
2021-12-16,26.0,21.6,25.7,30.1,26.5,0.8055,1.9248
2021-12-17,23.6,21.2,18.9,33.0,21.3,0.8055,1.9248
2021-12-20,41.6,31.1,27.1,32.5,75.7,0.0,1.9248
2021-12-21,22.0,21.3,26.2,30.9,9.8,0.0,1.9248
2021-12-22,25.0,20.7,21.4,31.4,26.6,0.0,1.9248
2021-12-23,20.4,19.0,25.8,31.3,5.4,0.1613,3.3846
2021-12-24,23.5,18.1,20.6,33.4,21.9,0.1613,3.3846
2021-12-27,21.0,9.6,21.1,36.0,17.4,0.1613,4.4544
2021-12-28,16.0,8.4,25.3,30.2,0.0,0.1613,4.5986
2021-12-29,17.8,8.6,20.4,30.3,12,0.8552,4.5986
2021-12-30,24.0,9.8,19.9,29.9,36.3,1.9248,4.5986
2022-01-03,17.7,9.2,19.1,30.5,12,1.9248,4.5986
2022-01-04,16.7,9.3,23.3,31.1,3.2,1.9248,4.5986
2022-01-05,23.0,9.3,18.0,34.0,30.8,1.7849,4.5939
2022-01-06,31.6,10.1,25.2,31.2,59.9,1.0788,4.5939
2022-01-07,31.5,13.8,23.0,28.4,60.6,0.1822,4.5939
2022-01-10,28.1,12.7,21.7,27.7,50.2,0.1822,4.5939
2022-01-11,21.8,11.9,18.8,26.2,30.4,0.7924,4.5939
2022-01-12,17.2,10.2,19.2,22.1,17.3,1.6085,4.5939
2022-01-13,14.0,9.6,18.3,21.6,6.3,1.658,4.5939
2022-01-14,17.8,10.8,17.8,21.5,21.1,3.3799,4.5939
2022-01-17,21.9,9.1,26.7,22.5,29.3,3.3799,4.5939
2022-01-18,29.4,11.3,25.2,22.6,58.7,3.6865,4.2663
2022-01-19,30.3,21.8,24.8,22.6,52.0,3.0342,4.0544
2022-01-20,29.9,22.2,21.4,22.5,53.3,2.9854,4.0544
2022-01-21,44.3,27.9,31.1,35.4,83.0,1.7491,4.0544
2022-01-24,25.4,26.6,25.7,19.7,29.6,1.7491,4.0544
2022-01-25,56.1,37.4,31.8,72,83.0,0.151,4.0544
2022-01-26,49.9,38.5,25.6,72,63.6,0.1478,6.3222
2022-02-07,27.9,29.4,25.6,26.7,29.7,1.8561,8.2495
2022-02-08,25.9,28.1,18.7,30.5,26.4,2.1062,8.2495
2022-02-09,24.5,25.5,23.3,34.2,14.9,2.1062,8.2495
2022-02-10,23.6,15.9,24.1,33.3,21.3,2.1062,8.2495
2022-02-11,23.8,16.3,19.8,34.3,24.9,1.9613,8.1137
2022-02-14,42.0,28.4,31.2,31.0,77.3,0.2577,7.9006
2022-02-15,36.7,28.7,20.3,30.2,67.4,1.6382,7.9006
2022-02-16,22.0,17.1,20.7,30.4,20.0,1.6382,7.9006
2022-02-17,19.6,16.8,19.1,31.2,11.1,3.6895,7.9006
2022-02-18,23.3,17.6,16.9,32.6,26.0,3.4982,7.7176
2022-02-21,30.6,18.0,16.9,36.9,50.6,3.4407,7.6626
2022-02-22,42.4,30.5,30.1,32.1,77.0,2.5542,6.8149
2022-02-23,33.6,28.4,21.5,31.8,52.9,2.5542,6.8149
2022-02-24,47.6,40.8,49.0,25.7,74.8,1.1034,6.1845
2022-02-25,39.1,37.6,17.7,29.0,72.0,4.2137,6.1845
2022-03-01,25.2,31.2,22.9,28.2,18.4,6.1845,6.1845
2022-03-02,35.4,30.9,19.6,33.8,57.2,6.1845,6.1845
2022-03-03,30.3,37.6,19.5,34.1,29.8,6.1845,6.1845
2022-03-04,43.1,40.2,23.5,37.7,71.2,5.1378,5.1378
2022-03-07,53.3,56.4,44.5,34.1,78.4,2.0574,2.909
2022-03-08,60.7,65.4,41.4,65.4,70.7,2.909,3.1675
2022-03-09,39.9,58.2,26.4,7.1,68.0,2.909,3.1675
2022-03-10,28.3,46.6,20.2,26.2,20.2,2.909,3.9017
2022-03-11,46.3,50.4,33.6,35.1,66.2,1.9617,4.2256
2022-03-14,39.7,50.1,21.3,37.0,50.3,1.952,4.2256
2022-03-15,49.6,57.5,31.6,34.7,74.4,0.0037,4.2256
2022-03-16,39.9,63.5,18.5,30.1,47.4,0.0037,4.2256
2022-03-17,25.4,53.5,20.8,27.3,0.0,0.1822,4.7444
2022-03-18,32.3,53.4,19.8,28.6,27.4,0.3069,4.7444
2022-03-21,31.0,43.8,27.0,30.4,22.7,1.192,4.7444
2022-03-22,31.7,43.8,25.0,29.9,28,1.192,4.7444
2022-03-23,27.2,40.1,26.0,30.5,12,1.192,4.7444
2022-03-24,31.7,40.9,21.2,31.4,33.3,1.0116,6.3113
2022-03-25,30.0,39.9,20.5,30.7,28.9,0.8878,6.3113
2022-03-28,42.3,42.9,32.7,30.6,63.2,1.2292,8.1013
2022-03-29,35.7,43.0,21.4,29.7,48.7,3.1675,8.1013
2022-03-30,23.8,39.5,25.4,30.4,0.0,3.1675,8.1013
2022-03-31,30.3,40.5,24.3,30.2,26.4,3.646,7.8567
2022-04-01,37.0,41.0,22.5,29.7,54.8,3.6009,7.5018
2022-04-06,42.6,41.1,25.1,31.5,72.6,3.0338,6.9576
2022-04-07,47.6,54.0,29.5,29.7,77.2,1.6988,5.77
2022-04-08,40.4,52.4,26.5,30.4,52.5,1.7193,7.2405
2022-04-11,45.6,58.0,23.3,27.2,73.6,2.328,7.2405
2022-04-12,38.8,58.4,19.6,28.4,48.8,2.328,7.4871
2022-04-13,27.8,52.2,20.2,28.5,10.0,2.328,9.7388
2022-04-14,32.1,52.0,18.8,30.5,27.1,2.0108,9.4457
2022-04-15,45.3,56.6,23.7,30.7,70.0,0.7219,8.9347
2022-04-18,43.5,59.9,24.7,29.4,60,3.0788,8.9347
2022-04-19,34.2,57.9,25.9,28.9,24.1,3.0788,8.9347
2022-04-20,33.4,55.0,23.5,30.1,24.8,4.9305,8.9347
2022-04-21,34.8,62.7,19.9,30.8,25.9,4.8144,8.8234
2022-04-22,47.2,65.0,23.5,31.2,69.3,4.2393,8.2726
2022-04-25,51.9,71.5,29.3,26.4,80.5,2.0513,6.4652
2022-04-26,43.8,70.5,20.2,24.7,60,2.0513,6.4652
2022-04-27,58.2,76.5,30.1,62,63.9,0.5622,6.4652
2022-04-28,46.0,73.6,25.7,24.8,60,1.7245,6.4652
2022-04-29,34.8,70.8,24.9,25.6,17.7,3.8763,6.4652
2022-05-03,40.8,72.3,38.5,29.2,23.4,3.8763,6.4652
2022-05-04,38.8,70.6,26.9,29.6,28,4.1319,6.4652
2022-05-05,37.0,67.7,26.3,31.1,23.0,6.4652,6.4652
2022-05-06,53.0,71.7,31.7,30.9,77.7,4.8239,4.8239
2022-05-09,52.6,77.6,31.1,28.1,73.8,2.7707,2.7707
2022-05-10,37.0,76.3,18.5,26.5,26.8,2.7707,2.7707
2022-05-11,47.4,76.6,21.6,26.3,65.1,2.4339,2.4339
2022-05-12,52.9,85.8,30.6,35.2,60,1.6969,2.0684
2022-05-13,40.4,79.2,25.8,36.1,20.5,1.6969,4.3836
2022-05-16,39.6,77.1,19.3,35.1,26.8,1.6969,4.5241
2022-05-17,41.1,74.0,26.1,37.9,26.5,2.0447,4.8104
2022-05-18,36.5,69.9,24.6,37.6,14.1,2.0447,5.7661
2022-05-19,49.9,74.4,30.8,29.2,65.3,1.1932,6.9403
2022-05-20,36.2,71.6,26.8,30.2,16.4,1.1932,8.5686
2022-05-23,36.8,70.8,20.5,31.4,24.4,1.1932,8.5686
2022-05-24,45.6,72.2,25.8,30.8,53.5,0.8395,8.6866
2022-05-25,37.0,69.7,25.2,31.0,21.9,0.8395,9.7058
2022-05-26,47.2,70.6,24.7,30.7,62.7,1.5183,9.7058
2022-05-27,27.4,57.9,21.4,30.3,0.0,1.5183,9.7058
2022-05-30,25.0,51.3,20.2,28.6,0.0,1.7545,9.7058
2022-05-31,29.4,45.5,32.5,27.7,12,1.7545,9.7058
2022-06-01,39.9,48.3,26.5,29.3,55.6,0.9728,11.0906
2022-06-02,42.9,51.1,32.7,31.3,56.5,1.262,13.9614
2022-06-06,33.2,49.0,20.8,32.0,31.0,3.5964,14.7173
2022-06-07,45.7,49.6,32.5,31.1,69.5,3.738,14.7173
2022-06-08,31.4,46.2,26.2,29.9,23.1,4.0266,16.1063
2022-06-09,39.5,46.9,23.8,29.8,57.4,4.7092,15.8581
2022-06-10,45.0,48.7,26.4,29.1,76.0,4.9748,15.034
2022-06-13,52.1,64.9,31.6,29.0,83.0,4.3768,12.9766
2022-06-14,45.8,65.5,18.2,29.1,70.2,4.2361,13.066
2022-06-15,44.9,66.8,19.5,28.6,64.7,4.0721,12.8045
2022-06-16,35.9,70.0,22.6,25.0,26.0,4.1807,11.9202
2022-06-17,56.6,72.2,31.9,62,60.1,3.5108,11.3043
2022-06-20,56.5,76.7,40.4,62,46.8,3.5108,11.3043
2022-06-21,26.3,70.4,20.0,15,0.0,3.5108,11.3043
2022-06-22,62.6,75.8,39.6,67,68.0,1.9802,10.2739
2022-06-23,49.7,78.7,21.4,67,31.6,4.6455,10.2739
2022-06-24,34.7,75.8,24.9,10,28.1,7.7497,10.2739
2022-06-27,32.9,72.2,20.0,20.8,18.7,8.5603,10.2739
2022-06-28,39.7,74.5,24.7,24.0,35.4,7.9201,9.6458
2022-06-29,44.6,77.8,24.0,25.2,51.3,8.2323,8.4613
2022-06-30,51.7,83.7,29.6,22.2,71.3,5.6673,5.9026
2022-07-01,60.4,95.2,41.1,57,48.2,2.5346,3.5529
2022-07-04,51.6,96.1,25.0,57,28.2,2.5346,3.5529
2022-07-05,35.5,90.8,23.4,0.0,27.8,3.5529,3.5529
2022-07-06,51.7,96.7,30.0,29.5,50.5,3.5529,3.5529
2022-07-07,35.3,88.8,19.7,31.2,1.6,3.5529,3.5529
2022-07-08,40.7,85.6,23.5,21.7,32.1,3.5529,3.5529
2022-07-11,48.1,85.9,36.1,24.2,46.3,2.7189,2.7189
2022-07-12,52.8,92.1,33.3,23.4,62.3,0.1736,1.9858
2022-07-13,37.4,85.1,21.5,23.5,19.7,0.1736,1.9858
2022-07-14,39.6,82.2,25.9,23.8,26.6,0.1736,1.9858
2022-07-15,46.8,79.2,24.8,27.5,55.5,0.1736,1.9858
2022-07-18,38.6,74.8,24.8,27.6,27.2,0.1736,1.9858
2022-07-19,37.9,67.8,21.4,30.1,32.1,0.9538,1.9858
2022-07-20,35.8,65.6,19.5,25.4,32.7,0.9538,1.9858
2022-07-21,30.9,61.2,24.3,29.9,8.0,0.9538,1.9858
2022-07-22,38.9,61.1,18.8,29.5,46.2,0.9538,1.9858
2022-07-25,37.1,61.9,24.4,30.6,31.5,0.8673,1.9858
2022-07-26,43.2,63.5,32.7,30.3,46.3,1.6856,2.3896
2022-07-27,35.7,60.6,32.4,30.0,19.8,1.6856,2.5622
2022-07-28,36.2,59.4,20.8,30.5,34.0,1.9858,2.5622
2022-07-29,27.9,55.2,24.3,29.7,2.6,1.9858,2.5622
2022-08-01,39.7,54.7,21.5,29.9,52.6,1.8655,3.4869
2022-08-02,50.2,59.4,31.3,29.1,81.1,0.5063,3.4869
2022-08-03,40.4,57.1,22.2,29.8,52.5,0.7393,3.4869
2022-08-04,40.1,59.7,25.2,28.9,46.4,0.7393,4.2908
2022-08-05,25.8,53.9,20.6,28.7,0.0,0.7393,5.1237
2022-08-08,33.8,53.6,21.3,29.4,31.0,0.7393,5.2009
2022-08-09,33.6,51.2,20.0,30.4,32.6,0.7393,5.2009
2022-08-10,46.5,54.6,22.9,32.5,76.0,0.0,6.8242
2022-08-11,26.8,49.8,18.7,31.0,7.8,0.4442,6.8242
2022-08-12,30.8,48.1,23.8,30.3,21.0,0.4442,6.8242
2022-08-15,31.9,44.9,22.4,28.2,32.0,1.4245,6.8242
2022-08-16,31.9,44.6,19.3,29.1,34.7,2.3896,6.8242
2022-08-17,31.2,43.7,19.3,30.3,31.6,2.5622,6.8242
2022-08-18,38.7,45.8,20.6,31.2,56.9,2.2039,6.4816
2022-08-19,36.8,45.5,19.1,32.8,50.0,2.2039,6.4816
2022-08-22,45.9,49.8,24.7,32.2,76.8,2.3055,5.6838
2022-08-23,50.0,59.7,26.1,34.6,79.6,2.3055,5.6838
2022-08-24,44.1,59.7,20.5,36.0,60,2.3055,6.5047
2022-08-25,33.5,47.8,25.7,38.6,21.9,3.1193,7.5928
2022-08-26,31.1,46.4,24.2,30.0,23.8,3.9624,9.8194
2022-08-29,47.9,54.5,29.9,29.0,78.1,2.8773,8.7261
2022-08-30,43.6,52.8,20.7,30.0,70.8,2.8773,10.7938
2022-08-31,32.5,48.3,24.0,30.2,27.6,4.5404,10.7938
2022-09-01,49.2,54.2,29.8,32.3,80.5,2.647,9.8683
2022-09-02,42.8,55.3,23.6,31.4,60.8,1.8202,10.7015
2022-09-05,36.4,55.1,20.5,30.0,39.9,1.8202,10.7015
2022-09-06,32.2,54.3,21.1,27.4,25.8,1.8202,10.7015
2022-09-07,47.3,58.5,32.2,27.0,71.6,1.5852,10.7015
2022-09-08,33.6,54.4,25.6,28.3,26.2,2.2334,10.7015
2022-09-12,25.7,49.5,21.1,29.1,3.3,3.147,12.0071
2022-09-13,28.5,47.8,25.1,29.1,12,3.147,12.1735
2022-09-14,46.2,51.7,31.6,32.2,69.4,1.6736,12.6742
2022-09-15,38.2,51.4,19.9,33.9,47.5,2.6272,12.6742
2022-09-16,44.7,53.5,23.1,35.0,67.0,3.0448,12.0249
2022-09-19,44.1,64.0,27.7,32.2,52.5,5.3,11.9495
2022-09-20,34.5,59.9,25.9,29.1,23.0,5.3,11.9495
2022-09-21,43.1,62.1,25.0,28.5,56.9,6.6446,11.1878
2022-09-22,47.3,65.0,22.8,29.8,71.4,5.7304,10.3181
2022-09-23,47.3,69.1,24.3,30.3,65.5,4.9142,9.262
2022-09-26,56.8,76.4,40.5,62.4,48.0,3.8051,8.8247
2022-09-27,35.8,74.4,19.5,5,44.5,3.8051,8.8247
2022-09-28,61.2,81.0,41.7,62,60,1.7273,8.8247
2022-09-29,35.2,80.1,23.9,15,21.9,1.7273,8.8247
2022-09-30,54.6,81.1,22.6,72,42.6,1.366,8.8247
2022-10-03,49.4,82.8,25.6,28.1,60.9,5.6581,8.8247
2022-10-04,33.7,77.4,20.6,28.6,8.3,5.8365,8.8247
2022-10-05,35.5,73.2,18.8,29.0,21.1,7.7837,8.8247
2022-10-06,32.5,70.6,27.1,28.7,3.6,7.7837,8.8247
2022-10-07,49.0,74.6,26.7,29.7,65.1,6.5066,7.562
2022-10-11,57.6,88.9,31.2,29.1,81.2,2.2532,3.5192
2022-10-12,52.0,88.7,20.6,28.7,70.1,2.0679,3.5192
2022-10-13,58.5,94.2,29.8,57,53.0,1.3865,3.5192
2022-10-14,27.9,84.5,18.9,0.0,8.1,2.3531,3.5192
2022-10-17,57.3,87.5,22.1,67,52.5,2.3275,3.4939
2022-10-18,40.5,83.1,25.2,24.0,29.7,3.4939,3.4939
2022-10-19,49.3,85.9,25.9,25.2,60,2.3938,2.3938
2022-10-20,47.6,85.8,18.8,25.7,60,2.1627,2.1627
2022-10-21,47.9,87.4,28.1,24.6,51.5,1.4845,1.4845
2022-10-24,38.7,85.8,20.8,24.1,24.1,1.4845,1.4845
2022-10-25,48.0,87.9,24.9,27.8,51.6,1.0672,1.0672
2022-10-26,39.5,86.4,22.0,27.4,22.1,1.0672,1.0672
2022-10-27,36.7,81.0,21.8,36.9,7.0,1.0672,1.0672
2022-10-28,53.7,83.6,26.1,37.7,67.6,0.8669,0.9902
2022-10-31,41.3,79.7,26.1,38.1,21.4,0.8669,1.5363
2022-11-01,40.3,77.2,26.6,28.8,28.6,0.8669,1.5363
2022-11-02,37.1,69.1,21.3,29.0,29.1,0.8669,1.5363
2022-11-03,51.2,79.2,25.5,30.7,69.2,0.9902,1.5363
2022-11-04,44.5,70.9,19.5,31.9,55.6,0.9902,1.5363
2022-11-07,32.6,66.0,19.3,31.3,13.6,0.9902,1.5363
2022-11-08,32.4,60.8,22.0,29.6,17.1,0.9902,1.8912
2022-11-09,24.9,54.5,18.1,27.2,0.0,0.9902,2.5498
2022-11-10,39.0,55.6,25.4,28.8,46.1,0.0762,3.0625
2022-11-11,27.9,44.8,39.3,27.3,0.0,0.2841,3.0625
2022-11-14,24.9,41.5,30.1,27.5,0.4,0.6663,3.0625
2022-11-15,23.0,36.0,24.6,27.4,4.0,0.6663,3.2628
2022-11-16,28.3,36.2,19.1,29.9,28.0,0.6051,3.2628
2022-11-17,30.5,35.9,19.3,31.8,35.1,0.5906,3.2628
2022-11-18,31.0,36.2,19.0,31.0,38.0,0.3833,3.2628
2022-11-21,34.4,36.4,22.8,30.8,47.9,1.5363,3.8599
2022-11-22,31.4,35.7,26.5,30.2,33.1,1.5363,5.6137
2022-11-23,29.0,36.2,22.6,30.6,26.6,1.5363,5.6137
2022-11-24,23.4,37.8,25.3,30.5,0.0,1.5363,5.6137
2022-11-25,28.3,29.5,19.3,29.7,34.7,1.4997,5.6137
2022-11-28,37.6,26.0,25.2,30.9,68.4,0.2806,5.6137
2022-11-29,26.1,27.1,24.1,31.3,22.0,1.8912,5.6137
2022-11-30,24.0,28.5,24.6,31.8,11.0,2.5498,5.6137
2022-12-01,26.1,31.2,23.2,31.2,18.7,3.0625,6.1799
2022-12-02,30.3,30.3,21.4,35.4,34.2,2.855,5.9791
2022-12-05,29.7,29.3,19.4,38.8,31.4,2.855,5.9791
2022-12-06,40.1,26.2,30.4,32.8,70.9,1.3981,4.4394
2022-12-07,31.9,24.7,22.7,30.1,50.1,1.2408,4.4394
2022-12-08,37.4,31.5,26.6,30.2,61.2,1.2408,4.4394
2022-12-09,25.9,26.5,25.1,30.3,21.7,1.4303,4.4394
2022-12-12,39.3,34.5,33.8,31.7,57.2,2.0763,4.4394
2022-12-13,38.7,35.7,26.0,30.5,62.5,3.8627,4.4394
2022-12-14,20.8,28.6,24.8,29.8,0.0,3.8627,4.4394
2022-12-15,27.5,28.5,20.0,29.9,31.6,3.8285,4.4055
2022-12-16,40.8,35.5,33.3,29.9,64.4,2.4677,3.0528
2022-12-19,39.1,29.8,25.6,31.3,69.5,1.8242,2.4782
2022-12-20,38.1,35.7,29.4,27.1,60,1.1861,2.4782
2022-12-21,31.8,34.5,20.9,28.0,43.5,1.8683,2.4782
2022-12-22,23.6,31.1,24.8,27.7,10.9,2.4782,2.4782
2022-12-23,44.0,34.6,37.2,32.6,71.4,1.6988,1.6988
2022-12-26,40.9,33.8,47.6,30.9,51.3,1.6988,1.6988
2022-12-27,31.4,33.6,41.7,30.7,19.3,1.6988,1.6988
2022-12-28,43.1,37.6,33.0,30.8,71.1,0.6215,1.4756
2022-12-29,43.8,40.0,33.4,31.5,70.1,0.1757,1.4756
2022-12-30,33.9,38.8,41.0,28.0,28,0.1757,1.4756
2023-01-03,31.4,37.0,27.4,38.1,23.0,0.1757,1.4756
2023-01-04,33.6,36.9,20.9,28.7,47.7,0.348,1.4756
2023-01-05,28.1,34.7,25.1,28.6,24.1,0.4818,1.4756
2023-01-06,22.2,33.3,26.1,28.3,1.2,0.4818,1.4756
2023-01-09,16.8,19.3,22.3,25.8,0.0,0.4818,1.4756
2023-01-10,16.7,18.7,21.5,24.7,2.0,0.4818,1.4756
2023-01-11,22.4,19.1,22.6,20.1,27.8,0.1342,1.4756
2023-01-12,28.0,20.6,24.3,35.8,31.2,1.4756,1.4756
2023-01-13,16.5,19.1,27.0,19.9,0.0,1.4756,1.5057
2023-01-16,13.5,17.2,33.3,0.0,3.4,1.4756,1.5057
2023-01-17,14.9,16.5,25.1,0.0,17.8,1.4756,1.5057
2023-01-30,15.4,19.8,41.9,0.0,0.0,1.4756,1.5057
2023-01-31,25.6,10.2,32.1,27.7,32.4,1.3449,1.5057
2023-02-01,19.8,10.8,24.6,31.9,12,1.3449,1.5057
2023-02-02,22.0,11.9,33.7,33.7,8.7,1.3449,1.5057
2023-02-03,21.4,11.4,18.4,32.0,23.9,1.3449,1.5057
2023-02-06,34.9,9.4,25.0,35.1,70.2,0.4731,1.5057
2023-02-07,25.9,9.0,20.8,37.7,36.2,0.4731,1.5057
2023-02-08,20.9,11.1,23.8,40.6,8.3,1.4155,2.0916
2023-02-09,27.2,10.2,21.2,42.1,35.2,1.4155,2.0916
2023-02-10,23.8,9.2,19.9,31.2,35.0,1.4155,3.1371
2023-02-13,28.9,8.5,21.3,30.9,54.9,1.4155,3.1371
2023-02-14,20.9,8.9,25.6,30.9,18.3,1.4155,4.0155
2023-02-15,30.3,8.1,24.2,30.5,58.6,0.9267,4.0155
2023-02-16,20.8,8.3,22.2,30.8,21.8,0.9267,4.0155
2023-02-17,30.9,9.5,18.9,31.9,63.4,0.9267,4.0155
2023-02-20,23.4,8.1,18.1,34.2,33.4,0.9267,4.0155
2023-02-21,23.0,8.0,18.2,34.7,31.0,0.9267,4.0155
2023-02-22,35.4,18.8,23.0,35.8,64.0,0.7148,4.0155
2023-02-23,20.2,8.1,22.4,37.0,13.4,0.7148,4.0155
2023-02-24,32.2,17.9,22.3,38.6,49.9,0.0,4.0155
2023-03-01,27.8,10.9,22.9,43.5,34.0,0.2503,4.0155
2023-03-02,26.9,10.3,20.2,44.4,32.7,0.5501,4.0155
2023-03-03,26.8,10.8,18.8,48.2,29.3,2.0916,4.0155
2023-03-06,24.0,10.6,22.0,50.1,13.5,2.0916,4.0155
2023-03-07,26.7,11.0,23.4,49.0,23.3,3.1371,4.0155
2023-03-08,35.4,10.0,17.3,48.6,65.8,2.894,3.7746
2023-03-09,34.6,9.7,17.6,50.5,60.6,3.4846,3.4846
2023-03-10,44.1,22.4,42.8,35.6,75.7,2.181,2.181
2023-03-13,25.0,21.8,18.1,34.7,25.3,2.181,2.181
2023-03-14,40.9,25.6,22.5,35.7,79.6,1.0818,1.3398
2023-03-15,32.0,25.0,19.3,36.7,46.9,1.0818,1.3398
2023-03-16,36.6,28.6,22.6,35.2,60,0.2135,1.3398
2023-03-17,22.1,23.7,20.0,31.9,12.6,0.2135,1.3398
2023-03-20,28.1,24.8,21.8,34.3,31.4,0.5303,1.6038
2023-03-21,28.0,23.0,25.6,35.2,28.2,1.3398,2.2586
2023-03-22,16.3,11.4,21.4,32.4,0.0,1.3398,2.2586
2023-03-23,18.3,9.7,24.8,34.6,4.2,1.3398,3.7136
2023-03-24,19.1,8.7,19.6,36.1,12,1.3398,3.7136
2023-03-27,27.5,11.2,25.8,39.4,33.5,0.8138,3.7136
2023-03-28,26.4,13.4,26.3,30.1,35.8,0.361,3.7136
2023-03-29,20.9,12.8,23.1,29.0,18.7,0.361,3.7136
2023-03-30,21.1,11.6,33.2,28.4,11.2,0.361,3.7136
2023-03-31,17.4,11.5,21.2,28.5,8.5,0.361,3.7136
2023-04-06,29.1,13.4,20.3,30.1,52.7,0.8047,3.7136
2023-04-07,24.5,13.5,24.4,30.7,29.1,0.8047,3.7136
2023-04-10,24.5,12.9,21.5,33.0,30.6,0.8047,3.7136
2023-04-11,21.7,12.3,20.4,32.3,21.8,0.8047,3.7136
2023-04-12,23.5,11.5,18.9,35.0,28.5,1.2095,3.7136
2023-04-13,33.6,14.3,22.0,37.2,60.7,1.6038,3.7136
2023-04-14,21.4,11.5,22.1,40.3,11.8,2.2586,3.7136
2023-04-17,26.2,11.4,17.5,42.9,33.1,2.2586,3.7136
2023-04-18,34.7,12.8,22.6,45.0,58.3,3.1426,3.1426
2023-04-19,38.4,23.3,22.4,48.0,59.9,2.5347,2.5347
2023-04-20,33.8,25.0,18.4,31.7,60,2.1441,2.1441
2023-04-21,28.4,28.8,22.4,28.5,33.9,1.6391,1.6391
2023-04-24,27.0,28.5,21.8,27.5,30.2,1.6391,1.6391
2023-04-25,46.5,38.2,41.4,25.1,81.2,0.5313,1.6064
2023-04-26,28.4,37.3,19.9,28.1,28.4,0.5313,1.6064
2023-04-27,36.9,35.1,19.9,29.3,63.5,0.5313,1.6064
2023-04-28,27.2,29.6,23.7,31.8,23.6,0.5313,1.6064
2023-05-02,26.0,27.7,18.5,32.9,25.0,0.5313,1.6064
2023-05-03,37.7,30.7,25.1,36.1,58.8,0.5464,1.6064
2023-05-04,30.5,29.7,20.4,41.0,30.8,1.3547,1.6064
2023-05-05,30.0,29.2,21.2,40.7,28.7,1.4328,1.6064
2023-05-08,25.0,19.4,19.9,41.6,19.2,1.6064,1.6064
2023-05-09,22.8,19.0,19.8,28.4,23.9,1.6064,1.6064
2023-05-10,34.3,29.3,26.4,28.7,52.6,1.0658,1.0658
2023-05-11,34.8,31.8,25.4,26.3,55.5,0.2552,1.1156
2023-05-12,30.3,39.1,19.8,28.3,33.9,0.1762,1.1156
2023-05-15,37.3,40.0,20.8,28.9,59.4,0.0,1.1156
2023-05-16,21.4,27.8,24.6,31.0,2.2,0.0,1.1156
2023-05-17,18.4,23.0,19.2,31.3,0.0,0.1774,1.1156
2023-05-18,18.8,20.2,23.7,31.1,0.0,0.1774,1.1156
2023-05-19,20.8,19.1,31.5,30.8,1.9,0.1774,1.1156
2023-05-22,24.9,18.7,18.8,32.8,29.3,0.1774,1.1156
2023-05-23,23.8,11.3,19.1,32.8,31.7,0.1774,1.1156
2023-05-24,25.5,11.0,19.0,34.0,38.0,0.3447,1.1156
2023-05-25,18.7,9.2,23.8,31.5,10.4,0.7433,1.5907
2023-05-26,16.7,6.7,29.8,29.8,0.6,0.7433,2.5791
2023-05-29,16.7,7.6,24.1,30.7,4.3,0.7433,2.5791
2023-05-30,22.3,7.7,17.7,32.1,31.7,0.6623,2.5791
2023-05-31,26.3,7.1,32.5,34.2,31.5,0.4,2.5791
2023-06-01,25.1,8.6,18.6,34.2,39.2,1.1156,2.5791
2023-06-02,22.8,7.6,30.5,35.6,17.6,1.1156,2.5791
2023-06-05,24.4,7.8,19.2,38.0,32.7,1.1156,2.5791
2023-06-06,22.6,8.0,19.3,30.9,32.0,1.1156,3.3044
2023-06-07,19.0,8.7,23.5,31.9,12,1.1156,3.8695
2023-06-08,32.1,7.5,23.6,30.9,66.6,0.0,3.9353
2023-06-09,23.2,8.5,24.9,32.4,27.1,0.2658,3.9353
2023-06-12,21.5,9.1,19.1,31.0,26.9,0.3485,3.9353
2023-06-13,15.8,12.5,19.4,31.2,0.0,0.8657,3.9353
2023-06-14,23.0,10.6,18.0,31.7,31.9,0.8657,3.9353
2023-06-15,24.3,11.5,21.9,33.6,30.2,1.5907,3.9353
2023-06-16,28.0,11.0,33.2,33.3,34.7,2.3195,3.6793
2023-06-19,25.4,10.7,19.5,32.9,38.7,2.2383,3.5993
2023-06-20,26.0,10.3,25.0,31.8,36.7,1.8282,3.1949
2023-06-21,24.4,10.0,19.6,33.8,34.3,1.8282,3.1949
2023-06-26,37.5,10.0,25.0,32.8,82.0,1.0044,2.8468
2023-06-27,33.1,19.7,24.8,29.5,58.5,0.1579,2.8468
2023-06-28,26.4,19.5,21.7,28.4,36.0,0.492,2.8468
2023-06-29,25.9,19.5,20.9,28.6,34.7,2.2088,2.8468
2023-06-30,31.2,20.0,20.0,32.9,51.8,2.7803,2.8468
2023-07-03,21.8,9.9,23.8,34.4,19.1,2.8468,2.8468
2023-07-04,31.8,10.4,17.7,64.1,34.9,2.8468,2.8468
2023-07-05,39.7,11.1,19.0,68.2,60.5,2.3664,2.5416
2023-07-06,46.3,24.1,29.9,48.4,83.0,0.6525,2.8303
2023-07-07,42.7,26.3,25.1,50.7,68.5,0.0685,2.8303
2023-07-10,39.6,26.1,21.3,50.8,60,0.0,2.8303
2023-07-11,26.7,22.5,24.8,51.9,7.4,0.6137,2.8303
2023-07-12,31.1,21.8,18.9,54.1,29.5,1.2568,4.0359
2023-07-13,23.4,13.6,25.4,38.0,16.7,1.2568,4.2288
2023-07-14,27.5,11.1,22.6,53.7,22.6,1.7514,5.4264
2023-07-17,34.6,11.2,17.1,80.9,29.1,1.7514,5.4264
2023-07-18,44.8,11.7,30.8,86.8,49.9,1.1447,5.2002
2023-07-19,34.2,13.8,23.5,56.9,42.4,0.7818,5.2002
2023-07-20,33.4,13.0,22.0,64.8,33.9,0.7818,5.2716
2023-07-21,43.5,15.6,24.3,64.4,69.6,0.2113,5.2716
2023-07-24,47.0,15.4,19.7,96.1,56.8,0.8529,5.2716
2023-07-25,28.8,12.2,24.1,59.9,18.9,0.8529,5.2716
2023-07-26,29.7,13.3,19.8,58.0,27.7,2.3085,5.2716
2023-07-27,26.9,12.2,19.2,55.4,20.8,2.5979,5.2716
2023-07-28,27.9,11.5,18.9,56.8,24.6,2.5979,5.2716
2023-07-31,31.6,14.8,22.3,54.6,34.8,2.1448,4.831
2023-08-01,27.8,14.1,21.2,52.9,22.9,2.1448,4.831
2023-08-02,40.9,26.9,30.2,34.9,71.4,2.1258,3.6167
2023-08-04,36.5,27.0,20.8,46.4,51.6,2.3226,3.6167
2023-08-07,32.5,24.3,27.1,48.1,30.5,3.544,3.6167
2023-08-08,41.9,26.5,25.9,52.7,62.6,2.8643,2.9375
2023-08-09,32.2,27.6,24.3,52.0,24.7,2.829,2.9022
2023-08-10,37.9,36.4,25.7,31.5,57.8,1.449,1.725
2023-08-11,43.7,37.6,26.0,69.4,41.7,1.3248,1.725
2023-08-14,49.8,43.9,25.8,66.7,63.1,0.8195,2.1359
2023-08-15,29.0,41.1,22.4,28.2,24.4,0.8195,2.1359
2023-08-16,36.3,40.3,20.6,30.5,53.7,0.8195,2.1359
2023-08-17,34.8,37.3,19.4,34.7,47.6,0.8195,2.1359
2023-08-18,41.6,48.3,23.8,31.3,63.0,1.725,2.1359
2023-08-21,29.3,47.4,25.3,29.7,14.8,1.725,2.1359
2023-08-22,29.1,45.2,23.4,27.6,20.4,1.725,2.1359
2023-08-23,30.1,43.0,26.5,29.7,21.2,1.725,2.2822
2023-08-24,26.3,31.9,24.7,28.8,19.7,1.725,3.571
2023-08-25,47.9,44.8,33.2,30.6,83.0,0.5102,3.571
2023-08-28,34.5,44.5,21.5,30.0,42.2,0.5102,3.571
2023-08-29,32.8,42.0,33.8,31.3,24.1,0.5102,3.811
2023-08-30,27.3,33.0,25.9,31.1,19.3,0.5102,3.811
2023-08-31,30.4,33.6,24.2,33.1,30.7,1.0271,3.811
2023-09-01,33.6,33.2,20.2,32.6,48.5,1.2839,3.811
2023-09-04,28.6,31.1,25.7,32.1,25.7,2.1359,3.811
2023-09-05,27.7,30.7,20.6,32.3,27.1,2.1359,3.8269
2023-09-06,33.9,31.6,19.6,33.1,51.3,1.8234,3.8269
2023-09-07,42.8,33.0,25.6,33.4,79.4,1.1203,3.8269
2023-09-08,38.2,33.5,21.4,34.1,63.7,0.8631,3.8269
2023-09-11,40.9,50.4,24.5,28.3,60.3,1.316,3.8269
2023-09-12,29.0,47.8,25.6,26.5,15.9,1.6819,3.8269
2023-09-13,30.8,47.5,19.9,27.8,28.0,2.2822,3.8269
2023-09-14,22.7,36.0,23.4,31.2,0.0,3.571,3.8269
2023-09-15,30.8,32.5,32.5,33.3,24.8,3.571,3.8269
2023-09-18,43.9,37.4,24.9,34.1,79.2,2.2851,2.5443
2023-09-19,39.9,46.2,20.0,36.1,57.2,2.1654,2.2893
2023-09-20,44.5,48.5,24.1,38.1,67.5,1.5645,3.4147
2023-09-21,46.9,53.2,23.4,34.9,76.0,1.0707,3.4147
2023-09-22,41.2,51.7,21.2,32.0,60,1.0707,3.4147
2023-09-25,33.1,49.5,26.6,32.9,23.3,1.0707,4.4703
2023-09-26,46.7,53.3,25.6,35.3,72.7,1.7148,4.4703
2023-09-27,36.5,52.8,22.2,34.5,36.7,1.7148,4.4703
2023-09-28,37.1,51.5,20.8,33.0,43.0,1.7148,4.901
2023-10-02,29.7,47.6,24.3,32.2,14.7,1.7148,4.901
2023-10-03,42.9,49.8,23.5,35.9,62.4,1.0998,4.901
2023-10-04,46.7,53.5,24.3,34.4,74.8,0.2576,4.901
2023-10-05,33.6,49.6,25.2,33.2,26.2,1.0322,4.901
2023-10-06,30.2,40.4,21.3,30.5,28.6,1.0897,4.901
2023-10-11,23.9,37.4,23.8,28.0,6.5,2.2881,4.901
2023-10-12,21.1,33.1,24.2,27.1,0.0,2.2881,4.901
2023-10-13,31.6,34.1,18.7,27.5,46.1,2.0369,4.6554
2023-10-16,39.8,37.3,24.7,30.3,66.9,2.4074,3.9092
2023-10-17,33.1,38.1,19.7,29.5,45.3,2.3505,3.8533
2023-10-18,40.6,49.5,25.9,27.1,60,1.2239,2.744
2023-10-19,37.7,48.5,20.3,28.0,54.1,2.3035,2.744
2023-10-20,35.0,48.5,18.3,28.1,45.0,2.2321,2.6729
2023-10-23,44.5,51.8,26.4,29.6,70.1,1.7431,2.1861
2023-10-24,40.3,57.3,19.7,29.3,54.9,2.1861,2.1861
2023-10-25,32.9,56.3,19.3,30.8,25.2,2.1861,2.1861
2023-10-26,51.8,61.7,30.9,31.5,83.0,0.919,0.919
2023-10-27,40.4,59.8,22.4,30.3,49.1,0.919,0.919
2023-10-30,34.7,57.9,21.4,29.4,30.0,0.919,1.6035
2023-10-31,43.3,61.0,24.9,26.9,60.4,0.0,1.6035
2023-11-01,38.5,60.7,21.8,28.0,43.4,0.0,1.6035
2023-11-02,24.3,45.6,21.2,28.7,1.6,0.0,1.6035
2023-11-03,28.1,41.8,23.5,30.5,16.8,0.3761,1.6035
2023-11-06,25.1,42.0,23.1,30.4,4.7,0.3761,1.6035
2023-11-07,30.3,41.8,22.0,30.0,27.6,0.3761,1.6035
2023-11-08,31.1,41.8,19.5,31.9,31.2,0.3761,1.6035
2023-11-09,32.3,41.5,20.3,32.0,35.4,0.3761,1.6035
2023-11-10,37.8,40.5,21.2,34.7,54.9,0.0,1.6035
2023-11-13,24.6,40.0,24.4,30.8,3.1,0.0,1.6035
2023-11-14,26.1,39.2,18.8,31.6,14.6,0.0,1.6035
2023-11-15,26.0,38.6,34.4,31.0,0.0,0.6111,1.6035
2023-11-16,24.5,37.4,17.7,31.6,11.1,0.7013,1.6035
2023-11-17,23.1,36.2,16.8,31.9,7.7,0.7423,1.6035
2023-11-20,27.1,26.9,17.7,33.1,30.7,1.6035,1.6035
2023-11-21,22.4,26.4,30.5,32.8,0.0,1.6035,1.6035
2023-11-22,35.4,25.8,23.6,34.4,57.8,0.9985,0.9985
2023-11-23,26.4,16.6,18.1,36.3,34.8,0.9086,0.9153
2023-11-24,26.7,16.2,20.1,39.3,31.2,0.8677,0.9153
2023-11-27,30.4,18.9,23.8,30.2,48.8,0.0967,0.9153
2023-11-28,19.8,15.3,23.0,31.3,9.6,0.6327,0.9153
2023-11-29,22.6,15.0,17.2,31.8,26.6,0.6327,0.9153
2023-11-30,24.2,15.0,18.1,33.1,30.6,0.9153,0.9153
2023-12-01,25.2,15.5,18.9,32.3,34.2,0.9153,0.9153
2023-12-04,30.0,16.4,18.5,33.8,51.3,0.8193,0.8193
2023-12-05,33.1,18.2,22.7,30.9,60.6,0.4722,2.0719
2023-12-06,24.0,18.0,19.0,30.9,28.1,0.4722,2.1257
2023-12-07,29.6,19.6,18.2,30.3,50.2,0.0,2.2959
2023-12-08,21.8,17.7,24.3,30.9,14.3,0.0,2.2959
2023-12-11,25.4,17.8,19.9,31.7,32.3,0.1236,2.2959
2023-12-12,22.9,17.6,19.3,32.2,22.5,0.5506,2.5943
2023-12-13,24.3,18.2,18.3,32.2,28.6,0.5506,2.5943
2023-12-14,19.0,16.6,25.2,34.0,0.0,0.7363,2.5943
2023-12-15,25.2,16.7,32.0,30.6,21.6,0.7363,2.5943
2023-12-18,26.2,9.3,18.8,30.3,46.2,0.6135,3.2566
2023-12-19,26.6,11.5,18.6,31.1,45.4,0.5186,4.2888
2023-12-20,19.1,10.3,18.6,33.5,13.9,0.5186,4.2888
2023-12-21,28.9,12.0,23.3,32.5,47.7,0.0,4.2888
2023-12-22,22.1,11.3,19.7,31.4,25.8,0.0,4.2888
2023-12-25,23.7,10.8,22.2,30.1,31.8,0.4297,4.2888
2023-12-26,18.4,9.6,32.5,31.4,0.0,2.0719,4.2888
2023-12-27,16.6,9.4,25.3,31.6,0.0,2.1257,4.2888
2023-12-28,19.7,9.5,19.8,34.0,15.6,2.2959,4.2888
2023-12-29,22.0,9.4,21.7,36.1,20.9,2.2959,4.2888
2024-01-02,26.2,9.9,20.3,38.4,36.2,1.8742,3.8758
2024-01-03,43.8,22.2,31.5,41.2,80.5,0.6091,2.3381
2024-01-04,30.5,22.6,20.1,43.9,35.6,0.6091,2.3381
2024-01-05,26.9,22.9,20.6,30.5,33.6,0.6091,2.3381
2024-01-08,25.4,22.5,20.1,29.1,29.8,0.6091,2.3381
2024-01-09,25.5,23.4,20.1,26.7,31.7,1.1395,2.1943
2024-01-10,26.3,24.8,21.3,26.4,32.6,2.1943,2.1943
2024-01-11,20.8,23.7,20.4,21.7,17.4,2.1943,2.1943
2024-01-12,28.3,24.9,20.8,38.5,29.1,2.1943,2.1943
2024-01-15,33.1,24.6,20.0,31.1,56.6,2.1943,2.1943
2024-01-16,41.8,27.9,23.4,32.8,83.0,1.0669,1.2697
2024-01-17,43.0,32.0,24.7,33.4,82.1,0.0,1.2697
2024-01-18,32.2,31.1,20.2,31.0,46.4,0.0,1.2697
2024-01-19,15.9,15.1,19.1,29.3,0.0,0.0422,1.2697
2024-01-22,16.8,13.4,21.8,28.7,3.1,0.0422,1.2697
2024-01-23,21.8,12.7,18.8,30.1,25.6,0.4691,1.2697
2024-01-24,24.0,13.4,20.4,31.7,30.4,1.2697,1.2697
2024-01-25,18.4,12.4,24.5,31.8,4.9,1.2697,1.2697
2024-01-26,23.9,12.8,21.5,30.2,31.1,1.2697,1.2697
2024-01-29,19.7,11.6,26.3,28.9,12,1.2697,1.2697
2024-01-30,23.7,13.0,20.4,29.5,31.8,0.8044,0.8044
2024-01-31,33.2,14.6,25.9,30.4,61.7,0.2002,0.4942
2024-02-01,18.0,13.4,20.1,29.5,8.8,0.2002,0.4942
2024-02-02,21.5,12.0,25.3,28.9,19.7,0.2002,0.4942
2024-02-05,27.7,11.8,20.4,27.4,51.2,0.4098,0.4942
2024-02-15,15.6,8.8,24.7,29.0,0.0,0.4098,1.2811
2024-02-16,21.6,8.1,18.3,30.9,29.0,0.4098,1.2811
2024-02-19,27.8,8.1,16.7,35.0,51.5,0.4098,1.2811
2024-02-20,23.9,8.4,23.4,35.7,28.2,0.4942,1.2811
2024-02-21,29.2,8.2,17.9,37.6,53.1,0.4942,1.2811
2024-02-22,22.0,8.7,22.3,38.4,18.8,0.4942,1.2811
2024-02-23,16.5,9.6,16.8,30.8,8.9,0.4942,1.2811
2024-02-26,22.7,9.8,18.8,31.5,30.5,0.4942,1.2811
2024-02-27,28.5,8.7,17.2,29.6,58.5,0.1626,1.2811
2024-02-29,23.3,9.2,22.5,32.7,28.9,0.1626,1.2811
2024-03-01,21.5,9.0,17.4,30.9,28.5,0.0,1.2811
2024-03-04,17.0,12.8,21.5,33.0,0.6,0.2994,1.2811
2024-03-05,22.8,13.3,17.3,31.8,28.8,0.2994,1.2811
2024-03-06,26.1,14.3,21.9,35.3,32.8,0.2994,1.2811
2024-03-07,25.4,17.0,24.9,31.3,28.3,0.2994,1.2811
2024-03-08,20.9,17.7,32.6,27.0,6.4,1.2811,1.2811
2024-03-11,24.8,15.2,20.1,28.8,34.9,1.2811,1.2811
2024-03-12,25.9,17.5,23.2,33.8,29.2,1.2811,1.2811
2024-03-13,31.5,15.8,18.5,60.6,31.0,1.2811,1.2811
2024-03-14,25.6,14.5,18.4,33.0,36.5,1.2811,1.6658
2024-03-15,29.5,13.1,22.1,30.7,52.3,0.4799,4.3
2024-03-18,25.8,12.9,25.7,34.6,30.1,0.4799,4.3
2024-03-19,31.2,12.6,19.0,61.1,32.3,0.5039,4.3
2024-03-20,32.4,12.5,17.3,35.3,64.3,0.5039,6.1025
2024-03-21,20.3,13.7,18.8,43.7,5.1,0.5039,6.6598
2024-03-22,25.1,13.9,17.4,40.1,28.9,0.5039,6.6598
2024-03-25,31.4,13.5,21.4,52.8,37.8,0.3554,6.6598
2024-03-26,24.2,13.2,19.0,29.5,35.1,0.3554,6.6598
2024-03-27,24.0,12.6,21.5,31.0,30.8,0.6301,6.6598
2024-03-28,24.9,12.5,19.8,31.0,36.5,0.6301,6.6598
2024-03-29,17.6,12.5,24.5,30.3,3.2,0.6301,6.6598
2024-04-01,24.3,13.2,19.6,29.8,34.5,0.6301,6.6598
2024-04-02,24.7,14.1,25.2,30.3,29.1,0.6301,6.6598
2024-04-03,34.4,13.8,26.5,34.4,62.9,0.2867,6.6598
2024-04-08,30.2,14.2,20.6,33.7,52.2,1.6658,6.6598
2024-04-09,24.9,15.9,20.5,46.8,16.3,4.3,6.6598
2024-04-10,24.1,15.2,19.1,31.0,31.1,4.1494,6.5129
2024-04-11,24.8,15.2,18.8,30.3,35.0,4.1018,6.4665
2024-04-12,25.0,14.8,18.7,31.4,35.1,5.8324,6.3914
2024-04-15,35.0,13.9,22.9,32.5,70.6,5.0785,5.0785
2024-04-16,42.7,22.1,42.6,26.8,79.2,4.3839,4.3839
2024-04-17,33.4,20.1,23.6,28.0,62.0,4.3839,4.3839
2024-04-18,24.6,19.8,19.5,30.0,29.2,4.3839,4.3839
2024-04-19,48.4,29.3,52.2,31.7,80.5,1.3626,1.3626
2024-04-22,31.1,32.5,23.7,25.7,42.6,1.3626,1.3626
2024-04-23,26.3,29.8,27.9,24.0,23.3,1.3626,1.3626
2024-04-24,17.9,22.2,21.4,28.0,0.0,1.3626,1.3626
2024-04-25,37.3,26.3,26.7,32.1,64.1,1.3324,1.3324
2024-04-26,23.5,23.1,24.9,33.5,12.3,1.3324,1.3324
2024-04-29,15.8,11.0,19.6,32.5,0.0,1.3324,1.3324
2024-04-30,24.8,12.6,22.4,34.9,29.3,0.8539,0.8963
2024-05-02,35.6,22.7,25.2,38.6,55.7,0.6751,2.2597
2024-05-03,24.9,14.6,24.7,41.1,19.2,0.6751,3.1301
2024-05-06,23.1,11.8,24.7,43.7,12.4,0.6751,3.1301
2024-05-07,27.0,10.5,25.1,44.0,28.4,0.6751,3.1301
2024-05-08,26.8,11.2,20.1,46.8,28.8,0.6751,3.1301
2024-05-09,32.3,13.5,24.8,30.6,60.3,0.0,3.1301
2024-05-10,21.2,11.7,23.8,31.9,17.3,0.2149,3.1301
2024-05-13,21.6,10.2,24.3,29.4,22.4,0.2149,3.1301
2024-05-14,19.0,9.6,23.9,30.6,12,0.3169,3.1301
2024-05-15,17.9,8.5,22.8,28.4,12,0.3169,3.1301
2024-05-16,15.7,9.8,21.9,30.3,0.9,0.3169,3.1301
2024-05-17,24.3,9.7,19.3,30.0,38.2,0.1948,3.1301
2024-05-20,23.3,8.0,18.0,30.3,36.8,0.1948,3.1301
2024-05-21,24.3,7.8,20.4,30.3,38.8,0.1948,3.1301
2024-05-22,17.6,10.0,23.4,30.5,6.4,0.8963,3.1301
2024-05-23,20.9,9.3,17.3,31.1,25.9,2.2597,3.1301
2024-05-24,22.9,8.7,20.4,32.3,29.9,3.1301,3.1301
2024-05-27,26.2,9.9,23.1,37.3,34.5,3.1301,3.1301
2024-05-28,25.1,10.5,18.2,34.8,36.8,3.1301,3.1301
2024-05-29,34.5,9.5,22.8,33.3,72.5,2.254,2.531
2024-05-30,36.8,9.9,24.2,30.3,83.0,0.8905,2.531
2024-05-31,34.3,20.6,24.9,30.7,61.1,0.8364,2.531
2024-06-03,22.3,8.9,22.0,31.7,26.5,0.8364,2.531
2024-06-04,31.2,12.0,24.1,31.1,57.7,0.5049,2.531
2024-06-05,30.7,10.5,26.3,31.9,54.2,0.5049,2.531
2024-06-06,18.6,8.9,21.0,31.6,12.8,0.5049,2.531
2024-06-07,26.9,9.0,19.4,32.7,46.5,0.3031,2.531
2024-06-11,31.9,9.1,18.6,30.7,69.2,0.0364,2.531
2024-06-12,21.3,10.1,25.5,30.0,19.7,0.0364,2.531
2024-06-13,18.6,11.5,23.9,29.8,9.1,0.0364,2.531
2024-06-14,22.1,12.5,24.2,32.1,19.5,0.6524,2.531
2024-06-17,28.6,12.0,19.1,32.6,50.8,2.531,2.531
2024-06-18,22.7,12.9,23.9,35.0,19.2,2.531,2.531
2024-06-19,18.4,16.1,19.0,36.9,1.7,2.531,2.5429
2024-06-20,23.6,17.9,24.2,40.2,12,2.531,4.0654
2024-06-21,33.8,15.5,24.8,44.6,50.3,1.8909,6.2352
2024-06-24,41.9,14.4,30.5,46.2,76.7,0.3511,8.7455
2024-06-25,29.5,14.8,20.4,48.5,34.1,0.7772,8.7455
2024-06-26,27.9,14.7,19.7,46.5,30.8,0.7772,9.3104
2024-06-27,33.0,13.7,19.6,46.8,52.1,0.7772,9.3104
2024-06-28,26.9,12.6,25.1,45.5,24.5,0.7772,9.3104
2024-07-01,27.5,12.8,19.5,46.6,31.1,0.7772,9.3104
2024-07-02,37.0,12.2,23.3,47.5,65.0,0.0,9.3104
2024-07-03,26.3,12.3,22.6,49.6,20.8,0.0,11.2831
2024-07-04,21.4,14.3,18.8,49.0,3.4,0.0,18.6927
2024-07-05,29.1,13.6,18.7,49.1,34.9,1.9397,18.6927
2024-07-08,33.3,16.0,22.5,48.3,46.6,2.0938,18.6927
2024-07-09,28.6,15.9,16.7,31.3,50.3,2.0938,18.6927
2024-07-10,25.6,15.8,19.4,32.1,35.2,2.5429,18.6927
2024-07-11,25.0,19.5,19.2,32.3,28.8,4.0654,18.6927
2024-07-12,39.2,16.1,28.8,33.0,78.9,4.7005,17.3619
2024-07-15,29.6,15.5,20.7,31.9,50.4,7.2519,17.3619
2024-07-16,24.4,15.8,20.5,30.8,30.4,7.2519,17.3619
2024-07-17,38.3,16.0,23.7,48.0,65.4,6.9441,16.5712
2024-07-18,41.5,23.0,29.8,39.1,74.3,5.4673,15.2471
2024-07-19,43.3,26.6,30.4,35.9,80.3,3.2906,13.2957
2024-07-22,30.5,37.5,29.8,28.7,25.9,3.2906,13.2957
2024-07-23,17.8,26.4,24.4,5,15.3,3.2906,13.2957
2024-07-26,47.4,42.2,32.3,31.9,83.0,4.4343,12.4159
2024-07-29,29.5,40.6,22.2,27.2,28.0,12.4159,12.4159
2024-07-30,37.6,39.5,21.3,29.7,60,12.4159,12.4159
2024-07-31,36.0,40.0,23.1,30.3,50.5,12.4159,12.4159
2024-08-01,24.9,30.7,22.3,32.3,14.2,12.4159,12.4159
2024-08-02,48.9,50.9,30.8,32.6,81.4,8.352,8.352
2024-08-05,67.1,80.3,45.7,69.3,73.1,1.9966,1.9966
2024-08-06,25.2,67.0,18.6,0.0,15.2,1.9966,1.9966
2024-08-07,26.0,53.3,23.8,0.0,26.8,1.9966,5.9581
2024-08-08,56.7,59.6,40.8,57,69.6,0.5996,5.9581
2024-08-09,28.1,50.1,22.8,27.5,12.0,0.5996,5.9581
2024-08-12,31.9,54.7,33.8,25.9,13.4,0.5996,5.9581
2024-08-13,34.1,53.6,28.0,25.1,29.6,0.5996,6.0859
2024-08-14,27.9,50.6,26.9,23.6,10.7,0.8525,6.2334
2024-08-15,39.0,52.7,36.2,25.3,41.6,1.2496,6.2334
2024-08-16,21.6,38.3,23.3,24.6,0.0,1.2496,6.2334
2024-08-19,33.6,36.8,26.5,26.8,44.6,1.2496,6.2334
2024-08-20,28.2,35.5,22.0,26.5,28.7,1.2496,6.2334
2024-08-21,37.7,37.1,26.0,27.5,60,0.4005,5.9885
2024-08-22,36.5,39.8,28.4,31.5,46.3,0.7546,5.9885
2024-08-23,31.1,38.1,21.9,35.9,28.6,0.7546,5.9885
2024-08-26,31.4,37.0,19.8,38.6,30.3,0.7546,5.9885
2024-08-27,38.9,38.1,23.1,42.5,51.7,1.2447,5.9885
2024-08-28,40.5,35.4,32.8,44.7,49.1,5.7124,5.9885
2024-08-29,46.5,39.0,26.8,48.2,72.0,5.2781,5.5554
2024-08-30,33.2,35.7,20.6,49.7,26.8,5.2781,5.5554
2024-09-02,40.5,35.6,22.2,48.6,55.5,5.1376,5.4153
2024-09-03,37.5,35.3,25.5,46.7,42.3,4.6538,4.8035
2024-09-04,54.8,57.9,46.9,31.6,83.0,1.8856,2.7747
2024-09-05,43.2,55.5,20.4,28.0,68.9,1.8856,2.7747
2024-09-06,33.6,53.9,26.8,27.6,25.9,1.8856,2.7747
2024-09-09,48.7,58.0,24.7,36.8,75.2,0.5365,2.7747
2024-09-10,45.3,58.9,20.2,34.5,67.6,0.7837,2.7747
2024-09-11,40.4,59.6,21.0,37.4,43.4,0.7837,2.7747
2024-09-12,26.0,51.6,20.9,31.6,0.0,0.7837,2.7747
2024-09-13,36.1,58.6,23.9,36.9,25.2,0.7837,2.7747
2024-09-16,37.0,49.9,21.5,36.8,39.7,0.7837,2.7747
2024-09-18,46.2,59.3,24.9,41.1,59.4,0.0,2.7747
2024-09-19,26.3,46.6,19.7,38.7,0.0,0.0,2.7747
2024-09-20,28.7,44.6,24.7,30.0,15.4,0.1576,2.7747
2024-09-23,27.6,42.6,26.2,29.8,12,2.7747,2.7747
2024-09-24,29.3,39.5,23.9,30.1,23.5,2.7747,2.7747
2024-09-25,22.4,34.6,22.2,31.2,1.6,2.7747,2.7747
2024-09-26,23.2,33.7,16.7,30.3,12,2.7747,2.7747
2024-09-27,23.5,33.8,18.6,29.7,12,2.6213,3.0672
2024-09-30,46.8,43.5,29.1,31.6,83.0,0.4016,3.2386
2024-10-01,38.2,39.8,27.7,32.5,52.7,0.4016,3.2386
2024-10-04,38.1,40.6,19.2,32.6,60,0.4016,3.2386
2024-10-07,28.9,31.9,19.0,34.0,30.6,0.4016,3.2386
2024-10-08,38.0,33.4,16.8,37.1,64.9,1.2067,3.2386
2024-10-09,26.4,33.2,18.3,31.3,22.6,1.2067,3.2386
2024-10-11,21.4,19.9,26.2,30.1,9.6,1.2067,3.2386
2024-10-14,24.7,19.5,21.0,29.5,29.0,1.2067,3.2386
2024-10-15,19.0,17.7,24.5,30.4,3.1,1.2067,3.2386
2024-10-16,37.3,18.5,23.9,32.4,74.4,0.8825,3.56
2024-10-17,25.6,17.0,21.1,33.4,31.0,1.4867,3.56
2024-10-18,17.2,16.4,20.8,31.4,0.0,1.4867,4.2768
2024-10-21,20.2,16.7,21.9,30.0,12,1.4867,4.2768
2024-10-22,24.4,16.2,20.6,30.3,30.4,2.5869,4.2768
2024-10-23,34.0,23.8,26.4,33.0,52.8,2.2615,4.2768
2024-10-24,33.5,25.0,25.8,31.9,51.2,2.4343,4.2768
2024-10-25,26.6,24.2,35.9,30.9,15.3,2.4343,4.2768
2024-10-28,27.3,26.4,26.7,29.1,26.8,1.8018,4.2768
2024-10-29,42.9,37.7,25.6,29.1,79.0,0.639,5.1758
2024-10-30,30.2,39.0,21.6,29.3,30.8,0.1768,5.3282
2024-11-01,36.9,38.1,19.5,30.1,60,0.0,5.4827
2024-11-04,29.5,29.1,26.5,31.4,30.9,0.103,5.4827
2024-11-05,24.6,19.8,25.7,30.4,22.4,2.429,5.4827
2024-11-06,23.0,12.2,19.0,30.8,30.1,2.945,5.4827
2024-11-07,22.5,9.8,21.9,31.9,26.4,3.56,5.4827
2024-11-08,22.6,8.4,21.9,31.3,28.7,3.56,5.4827
2024-11-11,24.1,9.5,20.2,31.0,35.6,4.1781,5.3853
2024-11-12,41.2,24.3,29.6,28.0,83.0,1.8938,3.1297
2024-11-13,39.0,26.6,24.6,29.4,75.4,1.3722,2.9888
2024-11-14,36.0,27.9,23.0,28.3,64.9,1.283,2.9888
2024-11-15,27.8,27.7,18.3,29.7,35.6,1.283,2.9888
2024-11-18,35.4,31.0,24.2,26.4,60,1.283,2.9888
2024-11-19,23.0,27.4,23.7,28.0,12.9,1.283,2.9888
2024-11-20,37.4,29.5,24.1,27.9,68.0,2.6738,2.9888
2024-11-21,37.2,30.7,25.0,31.5,61.5,2.8301,2.9888
2024-11-22,24.1,26.2,20.5,31.4,18.2,2.9888,3.2784
2024-11-25,25.4,26.1,17.3,32.5,25.7,2.9888,3.2784
2024-11-26,40.7,29.1,27.0,31.7,74.9,1.8355,3.2784
2024-11-27,42.9,34.2,31.7,29.9,75.8,0.3236,3.2784
2024-11-28,32.3,34.5,20.7,26.0,48.2,0.1632,3.2784
2024-11-29,37.8,35.0,22.0,27.2,67.2,0.3209,3.2784
2024-12-02,22.0,28.0,22.4,29.3,8.4,0.3209,3.2784
2024-12-03,18.8,17.3,23.8,32.5,1.4,0.6367,3.2784
2024-12-04,19.5,15.0,25.5,31.8,5.9,1.5882,3.2784
2024-12-05,24.6,15.5,20.2,35.3,27.5,1.5882,3.2784
2024-12-06,26.3,16.9,20.4,37.7,30.2,1.5882,3.2784
2024-12-09,26.5,16.1,20.1,40.4,29.3,1.5882,3.2784
2024-12-10,30.7,17.0,24.7,30.0,51.2,0.9576,2.8419
2024-12-11,34.2,19.7,25.8,29.5,61.8,0.1249,2.8419
2024-12-12,26.5,25.2,24.8,28.5,27.5,1.0204,2.8419
2024-12-13,29.2,25.7,19.4,27.6,43.9,2.8419,4.917
2024-12-16,21.3,25.1,19.3,20.4,20.4,2.8419,4.917
2024-12-17,24.2,26.3,19.0,25.8,25.6,2.8419,4.917
2024-12-18,25.0,24.1,23.8,29.1,22.8,2.8419,4.917
2024-12-19,41.3,26.8,23.2,32.1,83.0,1.8402,4.917
2024-12-20,44.9,41.9,28.9,32.4,76.6,0.0,4.917
2024-12-23,19.5,25.8,21.7,30.4,0.0,0.3673,4.917
2024-12-24,23.3,24.9,20.1,29.8,18.4,1.0336,4.917
2024-12-25,19.7,15.3,21.4,30.1,12,1.9059,4.917
2024-12-26,23.8,14.9,21.3,31.8,27.1,1.9059,4.917
2024-12-27,24.4,14.6,24.2,31.4,27.5,1.9059,4.917
2024-12-30,31.8,17.0,24.2,31.0,55.3,1.5444,4.917
2024-12-31,39.7,27.2,26.3,30.8,74.6,1.0314,4.917
2025-01-02,40.7,31.4,24.5,32.5,74.4,2.4106,4.917
2025-01-03,25.8,30.5,20.3,30.9,21.5,2.7035,4.917
2025-01-06,16.3,13.9,20.0,31.3,0.0,4.917,4.917
2025-01-07,21.2,13.2,17.6,29.8,24.4,4.917,4.917
2025-01-08,32.5,15.9,25.9,31.4,56.7,3.9261,3.9261
2025-01-09,38.2,26.9,24.1,27.5,74.1,2.5683,3.5311
2025-01-10,34.5,29.2,20.6,26.3,61.7,2.275,3.5311
2025-01-13,53.5,36.1,40.4,62,75.3,1.2411,3.5311
2025-01-14,30.9,31.9,35.0,5,51.6,1.2411,3.5311
2025-01-15,42.1,35.4,26.5,34.8,71.7,0.0,3.5311
2025-01-16,22.0,27.9,22.1,38.1,0.0,3.5311,3.5311
2025-01-17,21.5,18.3,25.9,21.7,20.1,3.5311,3.5311
2025-01-20,20.9,15.8,26.6,21.4,19.8,3.5311,3.5311
2025-01-21,23.9,16.9,27.0,22.0,29.9,3.5311,3.5311
2025-01-22,19.9,14.1,26.4,22.1,17.0,3.5311,4.1045
2025-02-03,49.3,33.4,43.2,37.5,83.0,0.9631,4.7761
2025-02-04,32.9,32.1,17.6,28.7,53.3,0.9631,4.7761
2025-02-05,18.4,19.0,21.3,30.2,3.1,0.9631,4.7761
2025-02-06,25.8,16.9,25.3,30.5,30.4,0.9631,4.8637
2025-02-07,20.3,14.6,24.5,30.2,12,1.3871,5.3565
2025-02-10,33.8,16.9,24.6,32.0,61.6,1.0547,6.9918
2025-02-11,24.2,15.4,24.2,32.1,25.1,1.0547,6.9918
2025-02-12,27.8,25.6,18.7,36.1,30.6,1.0547,7.4528
2025-02-13,26.9,24.5,18.8,37.8,26.7,1.0547,7.4528
2025-02-14,39.1,27.0,23.5,40.4,65.6,0.7549,7.4528
2025-02-17,21.4,21.9,19.1,42.2,2.2,0.7549,7.4528
2025-02-18,28.9,19.9,23.3,44.7,28.0,1.8733,7.4564
2025-02-19,30.7,11.9,16.9,48.6,45.5,1.8733,7.4564
2025-02-20,35.3,14.3,17.4,49.1,60.3,2.8532,7.4564
2025-02-21,25.1,10.8,22.2,48.4,19.1,4.1045,7.4564
2025-02-24,36.4,14.3,22.5,47.6,61.3,4.1096,6.8087
2025-02-25,43.9,25.7,22.0,47.0,80.8,3.4427,6.1605
2025-02-26,32.6,17.1,23.7,47.3,42.4,3.4427,6.1993
2025-02-27,41.7,30.0,31.5,32.7,72.5,2.0696,6.2911
2025-03-03,42.3,34.4,24.1,36.4,74.5,1.8046,9.5139
2025-03-04,41.2,36.0,22.7,33.9,72.3,3.5013,9.5139
2025-03-05,34.3,31.4,23.6,35.3,47.1,3.5013,9.5139
2025-03-06,40.6,34.3,24.9,39.5,63.6,3.3182,15.3335
2025-03-07,42.6,37.5,25.0,39.1,68.8,2.7214,18.2322
2025-03-10,43.0,40.3,25.2,38.9,67.6,2.215,22.5627
2025-03-11,47.7,49.2,30.4,36.7,74.3,1.4215,22.2793
2025-03-12,43.5,50.0,25.7,38.5,60,1.4253,22.2793
2025-03-13,44.7,56.9,24.0,37.7,60,1.3957,22.2793
2025-03-14,37.5,55.5,19.1,37.7,37.7,1.3957,22.2793
2025-03-17,37.6,50.1,26.0,33.4,40.8,1.3957,22.2793
2025-03-18,32.8,48.0,26.6,34.0,22.7,1.3957,22.2793
2025-03-19,52.4,61.1,25.9,46.2,76.4,1.2094,22.2793
2025-03-20,29.7,53.9,23.1,41.9,0.0,1.9015,22.2793
2025-03-21,44.7,56.0,25.4,41.6,55.6,3.0094,21.9162
2025-03-24,45.0,57.9,26.9,43.4,52.0,7.0816,21.9162
2025-03-25,36.8,55.0,34.8,39.0,18.4,7.0816,21.9162
2025-03-26,40.3,54.6,40.1,38.6,28,7.0277,21.8709
2025-03-27,52.2,66.8,26.9,38.4,76.6,12.3881,20.7728
2025-03-28,53.2,72.1,31.0,36.1,73.5,14.5487,19.4934
2025-03-31,68.4,88.7,43.0,72,70.0,18.3417,18.3417
2025-04-01,35.1,75.2,23.3,15,26.8,18.3417,18.3417
2025-04-02,35.2,74.4,23.5,15,28,18.3417,18.3417
2025-04-07,49.9,100.0,32.6,67,0.0,9.5703,9.5703
2025-04-08,72.8,100.0,61.9,67,62.5,5.7865,5.7865
2025-04-09,71.4,100.0,56.0,67,62.6,1.9623,5.3593
2025-04-10,49.8,95.5,47.1,10,46.6,2.6133,5.3593
2025-04-11,34.3,90.5,28.0,10,8.7,2.6133,5.3593
2025-04-14,57.8,90.0,20.1,67,54.2,3.7843,5.3593
2025-04-15,40.2,86.6,45.4,0.0,28.6,5.3593,5.3593
2025-04-16,57.6,90.5,40.9,25.6,73.5,3.465,3.465
2025-04-17,54.9,91.4,40.0,28.0,60.1,3.1018,3.1018
2025-04-18,57.6,90.5,47.2,26.9,65.7,3.1018,3.1018
2025-04-21,48.6,92.6,40.5,23.1,38.1,1.637,1.637
2025-04-22,50.5,93.5,42.6,20.3,45.5,0.8164,1.4643
2025-04-23,33.2,87.1,25.7,19.8,0.0,0.8164,1.4643
2025-04-24,52.2,89.0,41.3,32.7,45.9,0.0,1.4643
2025-04-25,41.0,76.2,45.1,33.0,9.6,1.225,1.4643
2025-04-28,43.4,73.1,44.5,32.9,23.1,1.275,2.3217
2025-04-29,38.2,69.5,38.1,24.0,21.4,1.275,2.3217
2025-04-30,41.1,67.0,24.5,25.8,46.9,1.275,2.3217
2025-05-02,27.9,61.1,24.4,26.2,0.0,1.275,3.85
2025-05-05,34.0,64.1,28.6,24.9,18.5,0.0507,3.85
2025-05-06,33.1,58.3,24.2,24.8,24.9,0.015,3.85
2025-05-07,33.5,58.8,23.5,25.1,26.4,0.015,3.85
2025-05-08,36.3,62.3,22.3,30.7,29.9,0.2416,3.85
2025-05-09,27.7,53.6,22.0,30.3,4.8,0.2416,3.85
2025-05-12,29.0,50.0,23.8,30.6,11.6,1.4643,3.85
2025-05-13,32.9,48.3,31.2,30.9,21.1,1.4643,3.85
2025-05-14,24.6,41.7,22.2,34.6,0.0,1.4643,3.85
2025-05-15,32.7,43.3,18.2,38.0,31.5,1.4643,3.85
2025-05-16,33.5,42.4,22.9,43.1,25.7,1.4643,3.85
2025-05-19,43.7,45.0,22.8,44.3,62.6,1.2261,3.6746
2025-05-20,36.2,45.7,21.1,46.4,31.5,2.1435,3.6746
2025-05-21,28.6,43.9,24.3,46.3,0.0,2.1435,3.6746
2025-05-22,36.2,41.3,23.3,48.2,32.1,1.5432,3.0836
2025-05-23,32.3,41.0,20.3,31.9,35.9,2.9998,3.2847
2025-05-26,29.5,33.2,24.6,32.6,27.6,2.4789,3.2847
2025-05-27,37.5,34.4,24.1,30.5,61.0,1.6622,3.2847
2025-05-28,29.3,33.6,19.5,30.6,33.5,1.6622,3.2847
2025-05-29,30.6,33.5,21.1,30.5,37.2,1.6142,3.2847
2025-06-02,47.8,47.7,29.6,30.8,83.0,0.0635,3.2847
2025-06-03,32.9,44.1,23.7,31.5,32.2,0.0635,3.2847
2025-06-04,22.5,28.5,18.8,31.6,11.0,0.0635,3.2847
2025-06-05,27.2,27.3,18.4,30.8,32.4,0.8112,3.2847
2025-06-06,33.5,27.1,21.7,30.4,55.0,1.7675,3.2847
2025-06-09,27.4,26.3,25.4,29.5,28.3,1.87,3.2847
2025-06-10,18.5,25.3,20.2,28.4,0.0,1.87,3.2847
2025-06-11,26.7,26.5,22.8,29.8,27.8,1.87,3.2847
2025-06-12,29.1,27.4,25.1,31.1,32.6,1.58,2.7943
2025-06-13,31.4,27.0,23.0,32.4,43.3,1.58,2.7943
2025-06-16,28.3,27.3,21.2,32.0,32.7,2.7943,2.7943
2025-06-17,27.3,26.6,24.2,30.5,27.7,2.7943,2.7943
2025-06-18,26.0,26.8,23.5,31.3,22.3,2.7943,2.7943
2025-06-19,41.6,27.1,32.4,30.6,76.4,1.423,1.5441
2025-06-20,29.5,26.8,18.5,29.9,42.9,1.423,1.5441
2025-06-23,37.2,36.9,26.1,29.7,56.1,1.4352,1.5441
2025-06-24,19.1,26.7,20.0,29.4,0.1,1.4352,1.6902
2025-06-25,20.2,26.4,24.3,30.1,0.0,1.4352,1.6902
2025-06-26,21.3,26.5,18.9,30.3,9.4,1.4352,1.6902
2025-06-27,21.0,26.7,19.7,30.8,6.9,1.4352,1.6902
2025-06-30,29.2,25.2,25.0,31.9,35.0,1.2515,1.6902
2025-07-01,18.1,18.2,24.0,30.4,0.0,1.5441,1.6902
2025-07-02,25.4,19.2,22.3,30.1,30.2,1.5441,1.6902
2025-07-03,20.3,19.4,24.9,29.6,7.4,1.5441,1.6902
2025-07-04,27.2,18.5,25.3,28.7,36.1,0.8215,1.6902
2025-07-07,30.6,18.2,26.9,26.7,50.7,0.598,1.6902
2025-07-08,24.2,18.9,20.7,26.7,30.6,0.598,1.6902
2025-07-09,24.8,19.3,24.8,29.0,26.3,0.598,1.6902
2025-07-10,25.4,18.7,24.9,32.4,25.5,0.598,1.6902
2025-07-11,19.9,18.0,17.8,31.8,12,0.598,1.6902
2025-07-14,32.8,17.3,28.0,31.6,54.4,0.1821,1.6902
2025-07-15,21.6,17.9,25.5,32.3,11.0,1.6902,1.6902
2025-07-16,23.4,18.7,23.6,32.5,18.6,1.6902,1.6902
2025-07-17,26.4,17.5,19.6,33.2,35.1,1.6902,1.6902
2025-07-18,18.9,18.4,23.5,33.7,0.0,1.6902,1.6902
2025-07-21,27.0,17.0,21.0,37.3,32.6,1.5108,1.5108
2025-07-22,25.2,9.9,30.3,27.0,33.5,0.9032,0.9032
2025-07-23,22.7,10.6,23.5,29.9,26.8,0.9032,3.5008
2025-07-24,21.5,10.4,18.0,29.8,28.0,0.9032,3.5008
2025-07-25,23.2,10.2,19.0,34.5,29.2,0.9032,3.5008
2025-07-28,21.8,9.2,18.7,31.8,27.4,0.9032,3.5008
2025-07-29,28.7,9.8,22.6,30.3,52.1,0.6948,3.5008
2025-07-30,19.7,9.6,24.0,30.2,15.0,0.9012,3.5008
2025-07-31,21.1,9.9,17.3,31.1,26.2,0.9012,3.5008
2025-08-01,25.0,9.0,17.1,32.7,41.1,0.9012,3.5008
2025-08-04,22.5,9.0,18.4,33.2,29.5,0.9012,3.5008
2025-08-05,22.0,8.6,23.0,36.0,20.4,0.9012,3.5008
2025-08-06,33.0,9.4,24.7,38.0,59.9,0.0,3.5008
2025-08-07,17.7,10.4,19.5,41.0,0.0,0.5413,3.5008
2025-08-08,26.8,10.4,17.5,42.7,36.6,0.5413,3.5008
2025-08-11,27.6,10.3,17.4,48.0,34.9,0.5413,3.5008
2025-08-12,28.8,10.6,17.1,49.8,37.7,0.5413,3.5008
2025-08-13,26.4,11.8,31.0,33.2,29.7,3.5008,3.5008
2025-08-14,25.3,11.5,22.1,32.1,35.6,3.5008,3.5008
2025-08-15,22.7,11.9,16.9,34.9,27.1,3.5008,3.5008
2025-08-18,30.7,12.0,23.1,61.2,26.3,3.5008,3.5008
2025-08-19,35.1,10.6,21.7,45.4,62.8,2.9895,2.9895
2025-08-20,44.7,22.3,38.8,34.8,83.0,0.8249,2.0519
2025-08-21,26.3,11.0,25.3,35.1,33.7,1.156,2.0519
2025-08-22,35.5,21.2,25.4,35.4,60,1.1697,2.0519
2025-08-25,20.7,10.3,20.9,46.7,4.8,1.8278,2.0519
2025-08-26,30.3,9.4,18.1,45.1,48.7,2.0519,2.0519
2025-08-27,28.0,10.1,23.8,50.5,27.4,2.0519,2.0519
2025-08-28,34.0,9.9,23.6,52.7,49.7,0.9064,0.9064
2025-08-29,29.6,9.9,18.6,55.7,34.2,0.8927,2.5414
2025-09-01,34.8,20.0,23.4,45.2,50.6,0.2283,2.5414
2025-09-02,28.2,22.5,20.9,44.4,25.2,0.0,2.5414
2025-09-03,26.8,19.8,21.8,43.2,22.6,0.0,2.5414
2025-09-04,26.1,12.8,20.2,48.4,22.9,0.0,2.5414
2025-09-05,21.2,9.6,25.3,50.0,0.0,0.0,2.5414
2025-09-08,22.5,9.8,19.3,39.0,21.9,0.4612,2.5414
2025-09-09,19.5,10.9,23.3,40.2,3.7,0.4612,2.5414
2025-09-10,22.2,12.5,22.4,53.6,0.0,0.7468,2.5414
2025-09-11,19.9,11.9,18.8,29.5,19.4,0.7468,2.5414
2025-09-12,19.5,12.9,24.7,28.6,12,0.7468,2.5414
2025-09-15,24.5,12.6,20.8,25.7,38.8,0.7468,2.5414
2025-09-16,20.9,12.7,24.4,30.0,16.4,0.7468,2.5414
2025-09-17,28.6,10.3,23.6,29.4,51.2,0.7412,2.5414
2025-09-18,23.2,11.6,23.0,32.0,26.1,0.8516,2.5414
2025-09-19,26.6,10.5,24.4,32.2,39.2,2.5414,2.5414
2025-09-22,27.1,12.1,24.9,35.7,35.5,2.5414,2.5414
2025-09-23,25.7,16.0,22.7,34.5,29.5,2.5414,2.5414
2025-09-24,31.1,13.8,19.6,36.8,54.3,2.353,2.353
2025-09-25,25.4,12.0,23.0,37.1,29.5,1.7043,1.8635
2025-09-26,36.0,11.1,30.6,29.1,73.2,0.0,1.8635
2025-09-30,23.9,10.6,26.9,30.6,27.3,0.5449,1.8635
2025-10-01,22.5,10.5,25.0,30.7,23.9,0.5449,1.8635
2025-10-02,20.1,12.5,20.6,35.5,12,1.3863,1.8635
2025-10-03,24.5,16.7,24.5,34.7,22.0,1.8635,2.1794
2025-10-07,27.9,22.8,19.5,37.6,31.9,1.8635,2.1794
2025-10-08,35.6,17.6,24.4,38.3,62.2,1.8635,2.4111
2025-10-09,28.0,18.9,22.7,40.1,30.2,1.8635,2.4111
2025-10-13,37.7,14.4,23.2,30.0,83.0,1.2496,2.4111
2025-10-14,30.6,13.9,33.9,24.2,50.3,1.2496,2.4111
2025-10-15,27.9,14.6,22.2,26.2,48.7,1.2496,2.4111
2025-10-16,23.2,17.7,23.6,31.5,19.8,1.2496,3.3072
2025-10-17,39.8,15.0,23.5,61.7,58.9,0.7933,3.3072
2025-10-20,30.8,15.6,25.4,60.9,21.2,0.7933,5.5708
2025-10-21,25.4,15.2,19.5,39.0,28.1,0.7933,6.192
2025-10-22,32.7,14.2,20.6,35.4,60.5,0.4219,6.192
2025-10-23,32.7,14.2,21.2,32.1,63.4,0.217,6.7043
2025-10-27,17.7,15.8,20.5,33.4,0.9,0.217,6.7043
2025-10-28,31.3,15.1,19.5,32.4,58.1,0.7695,6.7043
2025-10-29,25.3,16.2,23.5,35.9,25.6,2.1794,6.7043
2025-10-30,24.1,16.7,18.0,31.6,30.0,2.1794,6.7043
2025-10-31,31.9,15.3,20.3,33.6,58.6,2.4111,6.7043
2025-11-03,27.7,15.0,19.7,42.7,33.4,2.4111,6.7043
2025-11-04,25.6,14.0,24.5,31.3,32.4,1.6544,5.9809
2025-11-05,37.9,14.0,24.0,30.8,83.0,0.889,5.4108
2025-11-06,25.3,14.7,25.9,34.3,26.2,0.889,5.4108
2025-11-07,39.3,21.2,25.2,37.0,73.6,1.9665,5.4108
2025-11-10,25.9,14.1,25.9,37.1,26.3,1.9665,5.4108
2025-11-11,30.1,20.3,19.4,33.1,47.8,4.2615,5.4108
2025-11-12,28.8,12.3,23.1,49.9,29.7,4.8913,5.4108
2025-11-13,27.7,12.9,19.0,49.5,29.3,4.7429,5.2632
2025-11-14,42.8,21.9,29.2,38.2,81.7,3.6884,3.6884
2025-11-17,28.1,21.1,19.7,34.1,37.3,3.6884,3.6884
2025-11-18,41.5,32.1,29.3,31.4,73.3,3.6148,3.6148
2025-11-19,38.8,35.5,26.1,33.6,60,3.6148,3.6148
2025-11-20,23.5,22.9,21.0,31.4,18.9,3.6148,3.6148
2025-11-21,45.8,39.1,31.0,32.5,80.7,0.0,3.2823
2025-11-24,35.6,38.1,18.5,35.9,49.7,1.0278,3.2823
2025-11-25,32.9,29.5,43.6,36.8,21.7,1.0278,3.2823
2025-11-26,25.8,25.2,22.3,37.3,18.5,1.0278,3.2823
2025-11-27,25.0,16.5,25.7,39.2,18.6,1.0278,3.2823
2025-11-28,26.2,16.0,20.4,37.1,31.2,1.0278,3.2823
2025-12-01,37.3,27.0,25.7,40.5,55.9,0.0,3.2823
2025-12-02,25.6,17.1,25.6,38.8,21.0,0.4281,3.2823
2025-12-03,23.8,14.4,26.5,36.4,17.9,0.4281,3.2823
2025-12-04,25.3,15.0,23.5,37.5,25.1,1.3238,3.2823
2025-12-05,19.7,12.9,26.3,39.5,0.0,1.3238,3.2823
2025-12-08,25.0,10.3,25.4,42.1,22.1,1.8795,3.2823
2025-12-09,28.3,11.7,19.4,45.0,37.3,3.0424,3.2823
2025-12-10,25.3,10.3,23.8,48.0,19.1,3.0829,3.2823
2025-12-11,31.4,14.4,23.8,31.2,56.1,2.587,2.587
2025-12-12,21.7,11.8,23.2,31.5,20.1,2.587,2.587
2025-12-15,38.5,15.6,24.4,32.8,81.2,1.4297,1.4297
2025-12-16,39.1,25.3,23.9,31.3,75.9,0.2474,0.9397
2025-12-17,33.6,25.2,17.5,31.7,60.1,0.2058,0.9397
2025-12-18,33.7,27.8,18.4,33.6,55.1,0.0,0.9397
2025-12-19,25.5,15.9,22.2,32.7,31.1,0.0,0.9397
2025-12-22,17.7,11.5,18.7,31.8,8.9,0.3601,1.6172
2025-12-23,25.4,10.9,24.5,35.6,30.8,0.3601,1.6172
2025-12-24,25.2,11.5,19.1,39.0,31.2,0.3601,1.6172
2025-12-26,26.3,10.6,23.8,40.6,30.1,0.3601,1.6172
2025-12-29,22.8,9.1,23.3,31.4,27.6,0.3601,1.6172
2025-12-30,22.6,9.9,17.9,31.5,31.1,0.4606,1.6172
2025-12-31,24.8,8.4,21.9,31.8,37.1,0.7056,1.6172
2026-01-02,23.4,8.5,24.5,34.0,26.7,0.9397,2.256
2026-01-05,25.9,11.4,24.3,35.6,32.5,0.9397,3.5965
2026-01-06,32.2,14.2,22.2,63.7,28.6,0.9397,3.5965
2026-01-07,44.5,13.0,38.3,65.7,61.0,0.4814,3.5965
2026-01-08,27.1,12.3,32.6,30.8,32.7,0.424,3.5965
2026-01-09,23.0,12.4,17.6,28.3,33.8,0.424,3.5965
2026-01-12,28.3,12.7,23.1,29.7,47.7,0.424,3.5965
2026-01-13,21.1,13.1,18.3,31.8,21.1,0.424,3.5965
2026-01-14,24.1,15.2,22.8,34.0,24.6,1.6172,3.5965
2026-01-15,24.2,15.0,17.5,31.6,32.7,1.6172,3.5965
2026-01-16,21.1,18.8,19.8,34.4,11.3,1.6172,3.5965
2026-01-19,45.4,20.3,24.4,70.9,66.1,1.6172,3.5965
2026-01-20,37.0,20.3,17.8,74.2,35.9,1.6172,3.5965
2026-01-21,41.1,16.3,40.9,32.4,74.6,0.0,3.5965
2026-01-22,25.1,18.1,19.0,41.3,22.2,0.8156,3.5965
2026-01-23,26.8,19.1,23.8,43.1,21.2,2.256,7.301
2026-01-26,35.9,19.1,19.5,73.7,31.4,3.5965,7.301
2026-01-27,28.5,20.0,23.6,47.1,23.2,3.5965,7.301
2026-01-28,27.8,24.5,19.7,48.3,18.7,3.5965,9.3297
2026-01-29,29.0,21.0,23.0,40.1,32.1,2.8038,9.3297
2026-01-30,38.9,17.4,23.1,40.6,74.5,1.5698,9.3297
2026-02-02,34.5,16.7,25.4,26.8,69.1,1.5698,9.3297
2026-02-03,23.6,17.8,21.5,30.2,24.8,1.5698,9.3297
2026-02-04,23.7,17.2,21.9,30.1,25.4,1.5698,9.3297
2026-02-05,40.9,16.1,32.5,32.1,82.8,0.0577,9.3297
2026-02-06,26.1,15.6,21.0,25.7,42.2,0.0,9.3297
2026-02-09,24.6,16.4,42.4,25.5,14.0,0.0,9.3297
2026-02-10,21.9,17.5,45.4,24.6,0.0,0.0,9.3297
2026-02-11,18.4,19.9,23.4,26.8,3.3,0.9019,9.3297
2026-02-23,24.7,20.6,19.7,28.2,30.2,3.0802,9.3297
2026-02-24,19.4,24.2,19.1,32.6,1.7,7.301,9.3297
2026-02-25,33.7,26.3,22.3,63.3,22.8,7.301,9.3297
2026-02-26,36.5,24.8,19.5,65.3,36.7,7.301,9.3297
2026-03-02,43.9,24.9,23.2,69.7,57.6,8.5045,8.5045
2026-03-03,43.0,21.0,42.0,30.6,78.2,6.4481,7.644
2026-03-04,38.9,27.5,42.0,10,76.1,4.6403,7.644
2026-03-05,27.1,19.7,23.0,5,60.6,4.6403,7.644
2026-03-06,31.3,19.5,22.1,29.1,54.4,4.432,7.644
2026-03-09,42.8,29.2,31.3,27.5,83.0,2.262,7.644
2026-03-10,29.1,26.5,22.6,24.2,42.9,2.262,7.644
2026-03-11,18.3,18.1,22.1,26.6,6.7,2.262,7.644
2026-03-12,38.1,16.2,31.6,34.0,70.6,1.9183,7.644
2026-03-13,45.7,24.3,25.4,65.0,68.1,2.3427,7.644
2026-03-16,43.4,24.0,20.6,68.9,60,4.7341,7.644
2026-03-17,34.0,15.3,25.3,69.7,25.9,5.0551,7.644
2026-03-18,34.6,15.3,21.3,72.1,29.6,5.0551,7.644
2026-03-19,43.7,22.7,31.8,47.7,72.7,3.1981,5.8377
2026-03-20,32.2,23.4,19.5,33.4,52.5,2.7774,5.4284
2026-03-23,42.7,29.1,32.7,33.5,75.7,2.7541,5.1321
2026-03-24,31.6,30.8,24.3,28.9,42.4,5.1321,5.1321
2026-03-25,27.3,24.6,46.5,33.6,4.5,5.1321,5.1321
2026-03-26,28.1,27.0,24.1,33.3,28,4.8433,4.8433
2026-03-27,38.7,29.7,32.2,35.6,57.4,4.1966,4.1966
2026-03-30,42.9,35.4,33.1,32.5,70.6,2.4453,2.4453
2026-03-31,44.2,46.3,31.1,28.0,71.3,1.8158,1.8158
2026-04-01,21.2,26.3,23.7,25.5,9.4,1.8158,1.8158
2026-04-02,37.0,33.8,32.2,26.2,55.7,0.0,1.7417
2026-04-07,29.9,20.2,43.5,33.1,22.8,0.0,1.7417
2026-04-08,16.7,10.7,21.0,35.2,0.0,0.0,1.7417
2026-04-09,22.2,11.2,18.0,38.4,21.2,0.0,1.7417
2026-04-10,30.6,13.6,18.6,66.4,23.9,0.8825,1.7417
2026-04-13,34.8,12.3,19.8,74.0,33.1,0.8825,1.7417
2026-04-14,31.9,14.8,21.2,80.0,11.4,0.8825,1.7417
2026-04-15,35.2,17.1,23.8,79.8,20.0,0.8825,1.7417
2026-04-16,33.7,18.3,22.1,82.3,12,0.8825,1.8158
2026-04-17,33.4,16.3,22.8,57.9,36.4,0.4338,2.4848
2026-04-20,37.1,16.7,16.5,83.2,31.9,0.4338,4.1928
2026-04-21,25.7,20.1,18.4,52.8,11.3,0.4338,4.5619
2026-04-22,35.7,22.8,22.2,68.8,28.9,0.7904,4.5619
2026-04-23,34.9,21.7,41.2,41.5,35.1,1.7417,4.5619
2026-04-24,28.1,26.5,21.3,46.5,18.1,1.7417,4.5619
2026-04-27,46.2,27.8,18.9,80.0,57.8,1.7417,4.5619
2026-04-28,51.1,28.3,22.2,99.5,54.4,1.5058,4.5619
2026-04-29,50.6,29.1,26.4,84.9,61.9,0.9589,4.5619
2026-04-30,41.5,27.5,25.4,53.1,60.0,0.7866,4.5619
2026-05-04,27.9,28.5,20.9,56.1,5.9,0.7866,4.5619
2026-05-05,39.6,28.5,19.0,80.5,30.3,0.7866,4.5619
2026-05-06,36.5,28.5,25.4,74.8,17.3,1.3337,4.5619
2026-05-07,29.5,28.8,18.9,50.0,20.2,1.3337,4.5619
2026-05-08,32.6,28.8,21.9,43.4,36.2,1.7327,4.4811
2026-05-11,32.0,27.6,20.1,46.9,33.1,2.4022,6.3634
2026-05-12,36.5,27.5,35.4,47.2,35.8,4.1118,6.3634
2026-05-13,47.2,26.2,29.9,75.5,57.2,4.1458,6.9601
2026-05-14,38.1,25.3,24.9,75.3,27.0,4.1458,7.1239
2026-05-15,34.6,24.6,23.6,43.1,47.1,2.7969,7.1239
2026-05-18,38.7,23.3,25.6,47.2,58.6,2.13,7.1239
2026-05-19,42.3,27.0,31.6,42.5,68.2,0.3852,7.1239
2026-05-20,40.0,26.6,21.9,51.4,60,0.2727,7.1239
2026-05-21,23.2,21.5,22.2,49.3,0.0,1.4017,7.1239
2026-05-22,36.7,24.0,20.6,100.0,2.1,1.4017,7.1239
2026-05-25,40.4,24.1,18.8,100.0,18.8,1.4017,7.1239
2026-05-26,39.9,23.0,18.9,91.2,26.5,1.4017,7.1239
2026-05-27,32.6,24.0,20.2,59.2,27.0,1.4017,7.1239
2026-05-28,37.6,24.6,24.7,44.1,57.2,1.6826,7.1239
2026-05-29,37.0,25.6,20.0,84.9,17.3,2.988,7.1239
2026-06-01,43.8,23.7,23.2,100.0,28.5,6.3634,7.1239
2026-06-02,43.2,23.9,17.0,100.0,31.8,6.3634,7.1239
2026-06-03,30.8,24.5,18.9,56.5,23.4,6.9601,7.1239
2026-06-04,46.7,23.6,31.1,61.7,70.4,5.5345,6.6394
2026-06-05,42.8,24.3,24.5,50.6,71.7,4.2632,6.6394
2026-06-08,41.0,26.5,32.8,26.9,77.6,3.4784,6.6394
2026-06-09,38.6,25.5,22.3,42.3,64.4,3.4784,6.6394
2026-06-10,37.8,31.8,31.7,21.7,65.9,0.176,6.6394
2026-06-11,33.2,31.6,20.8,41.9,38.6,0.0,6.6394
2026-06-12,29.3,22.6,42.6,38.7,13.4,0.0,6.6394
2026-06-15,34.0,25.3,23.1,74.8,13.0,1.3424,6.6394
2026-06-16,37.9,26.3,32.7,73.1,19.4,3.5565,6.6394
2026-06-17,44.4,26.5,23.8,81.1,46.4,3.5565,10.6202
2026-06-18,38.9,24.2,25.5,78.5,27.2,6.6394,11.0843
2026-06-22,40.1,24.5,20.8,96.5,18.4,6.6394,11.0843
2026-06-23,35.5,22.9,23.6,43.6,52.0,5.3691,
2026-06-24,48.1,23.0,30.2,56.0,83.0,3.6396,
2026-06-25,35.5,23.2,21.9,50.4,46.3,3.6396,
2026-06-26,44.6,28.2,31.1,43.9,75.3,0.5845,
2026-06-29,30.2,28.7,36.7,27.5,28,0.9839,
2026-06-30,25.5,21.8,22.7,32.9,24.5,3.275,
2026-07-01,30.9,21.8,20.9,60.4,20.4,3.275,
2026-07-02,47.5,21.8,27.3,71.2,69.5,3.0483,
2026-07-03,46.9,20.0,20.9,82.1,64.6,3.0483,
2026-07-06,41.9,18.2,20.2,83.5,45.6,3.9059,
2026-07-07,38.1,22.8,30.5,38.8,60.3,2.1788,
2026-07-08,32.3,23.6,27.7,26.9,50.8,2.1788,
2026-07-09,36.6,21.9,33.8,41.4,49.1,6.4874,
2026-07-13,29.1,21.1,21.5,46.0,27.6,6.973,
2026-07-14,35.5,27.5,24.3,30.0,60,6.973,
