date,sector,close,daily_return_pct
2026-07-02,光電,71.69,0.9
2026-07-02,其他,275.26,-0.15
2026-07-02,其他電子,276.68,-1.9
2026-07-02,化學,207.51,2.49
2026-07-02,化學生技醫療,170.52,1.31
2026-07-02,半導體,1605.83,-1.0
2026-07-02,塑膠,338.83,8.09
2026-07-02,居家生活,102.69,4.65
2026-07-02,建材營造,457.18,-0.33
2026-07-02,數位雲端,44.07,1.38
2026-07-02,橡膠,192.07,3.82
2026-07-02,水泥,120.96,1.63
2026-07-02,汽車,293.35,0.57
2026-07-02,油電燃氣,82.67,5.88
2026-07-02,玻璃陶瓷,165.18,-0.81
2026-07-02,生技醫療,94.59,0.78
2026-07-02,紡織纖維,496.16,2.1
2026-07-02,綠能環保,143.11,1.38
2026-07-02,航運,183.72,-0.05
2026-07-02,觀光餐旅,102.8,-0.2
2026-07-02,貿易百貨,238.08,1.64
2026-07-02,資訊服務,206.75,1.97
2026-07-02,通信網路,262.02,1.39
2026-07-02,造紙,272.95,2.25
2026-07-02,運動休閒,56.94,-2.47
2026-07-02,金融保險,3033.12,-1.06
2026-07-02,鋼鐵,115.8,-0.38
2026-07-02,電器電纜,105.36,-0.8
2026-07-02,電子通路,378.59,1.07
2026-07-02,電子零組件,992.57,-1.42
2026-07-02,電機機械,563.7,0.41
2026-07-02,電腦及週邊設備,412.35,1.32
2026-07-02,食品,1931.65,0.37
2026-07-03,光電,70.99,-0.98
2026-07-03,其他,279.91,1.69
2026-07-03,其他電子,278.53,0.67
2026-07-03,化學,215.03,3.62
2026-07-03,化學生技醫療,174.12,2.11
2026-07-03,半導體,1587.68,-1.13
2026-07-03,塑膠,347.38,2.52
2026-07-03,居家生活,100.98,-1.67
2026-07-03,建材營造,463.45,1.37
2026-07-03,數位雲端,45.09,2.31
2026-07-03,橡膠,197.54,2.85
2026-07-03,水泥,122.72,1.46
2026-07-03,汽車,301.67,2.84
2026-07-03,油電燃氣,84.43,2.13
2026-07-03,玻璃陶瓷,162.17,-1.82
2026-07-03,生技醫療,95.92,1.41
2026-07-03,紡織纖維,514.03,3.6
2026-07-03,綠能環保,145.34,1.56
2026-07-03,航運,190.1,3.47
2026-07-03,觀光餐旅,103.55,0.73
2026-07-03,貿易百貨,240.1,0.85
2026-07-03,資訊服務,208.71,0.95
2026-07-03,通信網路,262.21,0.07
2026-07-03,造紙,281.7,3.21
2026-07-03,運動休閒,58.63,2.97
2026-07-03,金融保險,3066.77,1.11
2026-07-03,鋼鐵,117.75,1.68
2026-07-03,電器電纜,107.78,2.3
2026-07-03,電子通路,383.67,1.34
2026-07-03,電子零組件,1022.84,3.05
2026-07-03,電機機械,570.7,1.24
2026-07-03,電腦及週邊設備,416.32,0.96
2026-07-03,食品,1964.31,1.69
2026-07-06,光電,71.97,1.38
2026-07-06,其他,280.76,0.3
2026-07-06,其他電子,276.44,-0.75
2026-07-06,化學,218.05,1.4
2026-07-06,化學生技醫療,177.35,1.86
2026-07-06,半導體,1589.42,0.11
2026-07-06,塑膠,332.07,-4.41
2026-07-06,居家生活,100.86,-0.12
2026-07-06,建材營造,466.77,0.72
2026-07-06,數位雲端,44.14,-2.11
2026-07-06,橡膠,200.01,1.25
2026-07-06,水泥,123.06,0.28
2026-07-06,汽車,303.4,0.57
2026-07-06,油電燃氣,85.79,1.61
2026-07-06,玻璃陶瓷,160.12,-1.26
2026-07-06,生技醫療,97.91,2.07
2026-07-06,紡織纖維,512.4,-0.32
2026-07-06,綠能環保,145.77,0.3
2026-07-06,航運,190.64,0.28
2026-07-06,觀光餐旅,103.37,-0.17
2026-07-06,貿易百貨,246.83,2.8
2026-07-06,資訊服務,210.79,1.0
2026-07-06,通信網路,258.39,-1.46
2026-07-06,造紙,286.73,1.79
2026-07-06,運動休閒,58.87,0.41
2026-07-06,金融保險,3100.28,1.09
2026-07-06,鋼鐵,117.88,0.11
2026-07-06,電器電纜,110.29,2.33
2026-07-06,電子通路,381.19,-0.65
2026-07-06,電子零組件,977.33,-4.45
2026-07-06,電機機械,574.34,0.64
2026-07-06,電腦及週邊設備,412.96,-0.81
2026-07-06,食品,1991.14,1.37
2026-07-07,光電,67.65,-6.0
2026-07-07,其他,276.77,-1.42
2026-07-07,其他電子,266.91,-3.45
2026-07-07,化學,207.36,-4.9
2026-07-07,化學生技醫療,178.73,0.78
2026-07-07,半導體,1561.91,-1.73
2026-07-07,塑膠,305.0,-8.15
2026-07-07,居家生活,100.61,-0.25
2026-07-07,建材營造,459.78,-1.5
2026-07-07,數位雲端,43.27,-1.97
2026-07-07,橡膠,199.25,-0.38
2026-07-07,水泥,121.86,-0.98
2026-07-07,汽車,298.36,-1.66
2026-07-07,油電燃氣,83.73,-2.4
2026-07-07,玻璃陶瓷,152.79,-4.58
2026-07-07,生技醫療,101.25,3.41
2026-07-07,紡織纖維,511.65,-0.15
2026-07-07,綠能環保,141.4,-3.0
2026-07-07,航運,184.81,-3.06
2026-07-07,觀光餐旅,102.64,-0.71
2026-07-07,貿易百貨,246.1,-0.3
2026-07-07,資訊服務,207.67,-1.48
2026-07-07,通信網路,249.58,-3.41
2026-07-07,造紙,282.45,-1.49
2026-07-07,運動休閒,58.42,-0.76
2026-07-07,金融保險,3135.85,1.15
2026-07-07,鋼鐵,116.04,-1.56
2026-07-07,電器電纜,106.63,-3.32
2026-07-07,電子通路,374.47,-1.76
2026-07-07,電子零組件,921.43,-5.72
2026-07-07,電機機械,552.29,-3.84
2026-07-07,電腦及週邊設備,400.03,-3.13
2026-07-07,食品,1982.37,-0.44
2026-07-08,光電,68.37,1.06
2026-07-08,其他,278.72,0.7
2026-07-08,其他電子,263.63,-1.23
2026-07-08,化學,205.94,-0.68
2026-07-08,化學生技醫療,178.54,-0.11
2026-07-08,半導體,1572.23,0.66
2026-07-08,塑膠,323.33,6.01
2026-07-08,居家生活,98.34,-2.26
2026-07-08,建材營造,458.23,-0.34
2026-07-08,數位雲端,43.51,0.55
2026-07-08,橡膠,197.26,-1.0
2026-07-08,水泥,120.37,-1.22
2026-07-08,汽車,298.61,0.08
2026-07-08,油電燃氣,85.29,1.86
2026-07-08,玻璃陶瓷,155.93,2.06
2026-07-08,生技醫療,101.39,0.14
2026-07-08,紡織纖維,499.98,-2.28
2026-07-08,綠能環保,142.21,0.57
2026-07-08,航運,187.9,1.67
2026-07-08,觀光餐旅,102.0,-0.62
2026-07-08,貿易百貨,246.45,0.14
2026-07-08,資訊服務,208.73,0.51
2026-07-08,通信網路,244.78,-1.92
2026-07-08,造紙,279.7,-0.97
2026-07-08,運動休閒,57.84,-0.99
2026-07-08,金融保險,3184.91,1.56
2026-07-08,鋼鐵,116.09,0.04
2026-07-08,電器電纜,105.24,-1.3
2026-07-08,電子通路,366.0,-2.26
2026-07-08,電子零組件,926.19,0.52
2026-07-08,電機機械,544.67,-1.38
2026-07-08,電腦及週邊設備,401.85,0.45
2026-07-08,食品,1976.46,-0.3
2026-07-09,光電,69.06,1.01
2026-07-09,其他,277.98,-0.27
2026-07-09,其他電子,262.66,-0.37
2026-07-09,化學,203.26,-1.3
2026-07-09,化學生技醫療,174.31,-2.37
2026-07-09,半導體,1554.72,-1.11
2026-07-09,塑膠,315.41,-2.45
2026-07-09,居家生活,98.46,0.12
2026-07-09,建材營造,458.39,0.03
2026-07-09,數位雲端,43.11,-0.92
2026-07-09,橡膠,196.83,-0.22
2026-07-09,水泥,119.1,-1.06
2026-07-09,汽車,295.56,-1.02
2026-07-09,油電燃氣,84.43,-1.01
2026-07-09,玻璃陶瓷,153.55,-1.53
2026-07-09,生技醫療,98.53,-2.82
2026-07-09,紡織纖維,490.48,-1.9
2026-07-09,綠能環保,145.99,2.66
2026-07-09,航運,187.06,-0.45
2026-07-09,觀光餐旅,101.79,-0.21
2026-07-09,貿易百貨,247.25,0.32
2026-07-09,資訊服務,212.18,1.65
2026-07-09,通信網路,243.39,-0.57
2026-07-09,造紙,277.56,-0.77
2026-07-09,運動休閒,57.94,0.17
2026-07-09,金融保險,3144.8,-1.26
2026-07-09,鋼鐵,115.6,-0.42
2026-07-09,電器電纜,104.11,-1.07
2026-07-09,電子通路,365.88,-0.03
2026-07-09,電子零組件,929.81,0.39
2026-07-09,電機機械,532.83,-2.17
2026-07-09,電腦及週邊設備,401.35,-0.12
2026-07-09,食品,1972.79,-0.19
2026-07-13,光電,68.4,-0.96
2026-07-13,其他,279.63,0.59
2026-07-13,其他電子,262.43,-0.09
2026-07-13,化學,200.96,-1.13
2026-07-13,化學生技醫療,170.8,-2.01
2026-07-13,半導體,1558.32,0.23
2026-07-13,塑膠,343.6,8.94
2026-07-13,居家生活,100.34,1.91
2026-07-13,建材營造,460.52,0.46
2026-07-13,數位雲端,42.26,-1.97
2026-07-13,橡膠,198.75,0.98
2026-07-13,水泥,118.57,-0.45
2026-07-13,汽車,293.26,-0.78
2026-07-13,油電燃氣,88.84,5.22
2026-07-13,玻璃陶瓷,152.2,-0.88
2026-07-13,生技醫療,96.18,-2.39
2026-07-13,紡織纖維,489.07,-0.29
2026-07-13,綠能環保,151.82,3.99
2026-07-13,航運,188.23,0.63
2026-07-13,觀光餐旅,101.5,-0.28
2026-07-13,貿易百貨,244.68,-1.04
2026-07-13,資訊服務,211.49,-0.33
2026-07-13,通信網路,241.03,-0.97
2026-07-13,造紙,268.24,-3.36
2026-07-13,運動休閒,57.45,-0.85
2026-07-13,金融保險,3129.31,-0.49
2026-07-13,鋼鐵,115.12,-0.42
2026-07-13,電器電纜,103.5,-0.59
2026-07-13,電子通路,372.58,1.83
2026-07-13,電子零組件,919.29,-1.13
2026-07-13,電機機械,535.41,0.48
2026-07-13,電腦及週邊設備,398.75,-0.65
2026-07-13,食品,1978.01,0.26
2026-07-14,光電,65.81,-3.79
2026-07-14,其他,281.44,0.65
2026-07-14,其他電子,258.72,-1.41
2026-07-14,化學,199.56,-0.7
2026-07-14,化學生技醫療,167.98,-1.65
2026-07-14,半導體,1537.07,-1.36
2026-07-14,塑膠,359.44,4.61
2026-07-14,居家生活,99.47,-0.87
2026-07-14,建材營造,458.42,-0.46
2026-07-14,數位雲端,41.75,-1.21
2026-07-14,橡膠,198.64,-0.06
2026-07-14,水泥,117.18,-1.17
2026-07-14,汽車,293.14,-0.04
2026-07-14,油電燃氣,92.37,3.97
2026-07-14,玻璃陶瓷,148.57,-2.39
2026-07-14,生技醫療,94.19,-2.07
2026-07-14,紡織纖維,485.54,-0.72
2026-07-14,綠能環保,148.99,-1.86
2026-07-14,航運,186.23,-1.06
2026-07-14,觀光餐旅,100.92,-0.57
2026-07-14,貿易百貨,246.87,0.9
2026-07-14,資訊服務,209.31,-1.03
2026-07-14,通信網路,234.54,-2.69
2026-07-14,造紙,269.92,0.63
2026-07-14,運動休閒,57.23,-0.38
2026-07-14,金融保險,3096.33,-1.05
2026-07-14,鋼鐵,115.13,0.01
2026-07-14,電器電纜,101.43,-2.0
2026-07-14,電子通路,368.52,-1.09
2026-07-14,電子零組件,894.07,-2.74
2026-07-14,電機機械,518.88,-3.09
2026-07-14,電腦及週邊設備,392.53,-1.56
2026-07-14,食品,1972.78,-0.26
2026-07-15,光電,66.06,0.38
2026-07-15,其他,285.04,1.28
2026-07-15,其他電子,266.67,3.07
2026-07-15,化學,205.4,2.93
2026-07-15,化學生技醫療,176.12,4.85
2026-07-15,半導體,1564.63,1.79
2026-07-15,塑膠,383.69,6.75
2026-07-15,居家生活,97.47,-2.01
2026-07-15,建材營造,466.31,1.72
2026-07-15,數位雲端,42.21,1.1
2026-07-15,橡膠,200.44,0.91
2026-07-15,水泥,120.31,2.67
2026-07-15,汽車,294.49,0.46
2026-07-15,油電燃氣,100.21,8.49
2026-07-15,玻璃陶瓷,150.91,1.58
2026-07-15,生技醫療,99.55,5.69
2026-07-15,紡織纖維,492.04,1.34
2026-07-15,綠能環保,151.59,1.75
2026-07-15,航運,190.83,2.47
2026-07-15,觀光餐旅,101.55,0.62
2026-07-15,貿易百貨,250.29,1.39
2026-07-15,資訊服務,211.31,0.96
2026-07-15,通信網路,238.57,1.72
2026-07-15,造紙,277.12,2.67
2026-07-15,運動休閒,57.51,0.49
2026-07-15,金融保險,3107.98,0.38
2026-07-15,鋼鐵,117.22,1.82
2026-07-15,電器電纜,104.88,3.4
2026-07-15,電子通路,372.39,1.05
2026-07-15,電子零組件,922.25,3.15
2026-07-15,電機機械,535.51,3.2
2026-07-15,電腦及週邊設備,398.28,1.46
2026-07-15,食品,1984.65,0.6
2026-07-16,光電,66.15,0.14
2026-07-16,其他,286.34,0.46
2026-07-16,其他電子,269.93,1.22
2026-07-16,化學,203.33,-1.01
2026-07-16,化學生技醫療,174.41,-0.97
2026-07-16,半導體,1570.52,0.38
2026-07-16,塑膠,375.34,-2.18
2026-07-16,居家生活,98.65,1.21
2026-07-16,建材營造,473.14,1.46
2026-07-16,數位雲端,42.43,0.52
2026-07-16,橡膠,202.86,1.21
2026-07-16,水泥,118.94,-1.14
2026-07-16,汽車,296.89,0.81
2026-07-16,油電燃氣,108.62,8.39
2026-07-16,玻璃陶瓷,147.04,-2.56
2026-07-16,生技醫療,98.6,-0.95
2026-07-16,紡織纖維,494.61,0.52
2026-07-16,綠能環保,154.96,2.22
2026-07-16,航運,189.11,-0.9
2026-07-16,觀光餐旅,100.4,-1.13
2026-07-16,貿易百貨,251.19,0.36
2026-07-16,資訊服務,210.54,-0.36
2026-07-16,通信網路,239.52,0.4
2026-07-16,造紙,274.3,-1.02
2026-07-16,運動休閒,58.37,1.5
2026-07-16,金融保險,3107.12,-0.03
2026-07-16,鋼鐵,117.32,0.09
2026-07-16,電器電纜,103.88,-0.95
2026-07-16,電子通路,368.81,-0.96
2026-07-16,電子零組件,904.38,-1.94
2026-07-16,電機機械,528.67,-1.28
2026-07-16,電腦及週邊設備,393.13,-1.29
2026-07-16,食品,2004.49,1.0
2026-07-17,光電,61.64,-6.82
2026-07-17,其他,281.05,-1.85
2026-07-17,其他電子,256.2,-5.09
2026-07-17,化學,192.27,-5.44
2026-07-17,化學生技醫療,165.25,-5.25
2026-07-17,半導體,1449.47,-7.71
2026-07-17,塑膠,345.86,-7.85
2026-07-17,居家生活,98.4,-0.25
2026-07-17,建材營造,467.35,-1.22
2026-07-17,數位雲端,40.71,-4.05
2026-07-17,橡膠,200.43,-1.2
2026-07-17,水泥,117.84,-0.92
2026-07-17,汽車,290.54,-2.14
2026-07-17,油電燃氣,110.01,1.28
2026-07-17,玻璃陶瓷,135.35,-7.95
2026-07-17,生技醫療,93.5,-5.17
2026-07-17,紡織纖維,486.2,-1.7
2026-07-17,綠能環保,147.17,-5.03
2026-07-17,航運,185.17,-2.08
2026-07-17,觀光餐旅,99.42,-0.98
2026-07-17,貿易百貨,247.66,-1.41
2026-07-17,資訊服務,206.17,-2.08
2026-07-17,通信網路,230.38,-3.82
2026-07-17,造紙,270.23,-1.48
2026-07-17,運動休閒,57.69,-1.16
2026-07-17,金融保險,3080.89,-0.84
2026-07-17,鋼鐵,115.53,-1.53
2026-07-17,電器電纜,98.92,-4.77
2026-07-17,電子通路,352.95,-4.3
2026-07-17,電子零組件,824.93,-8.79
2026-07-17,電機機械,495.47,-6.28
2026-07-17,電腦及週邊設備,372.54,-5.24
2026-07-17,食品,2010.74,0.31
2026-07-20,光電,59.64,-3.24
2026-07-20,其他,282.79,0.62
2026-07-20,其他電子,255.44,-0.3
2026-07-20,化學,188.05,-2.19
2026-07-20,化學生技醫療,163.67,-0.96
2026-07-20,半導體,1453.72,0.29
2026-07-20,塑膠,328.36,-5.06
2026-07-20,居家生活,98.71,0.32
2026-07-20,建材營造,467.21,-0.03
2026-07-20,數位雲端,40.85,0.34
2026-07-20,橡膠,198.51,-0.96
2026-07-20,水泥,118.35,0.43
2026-07-20,汽車,290.08,-0.16
2026-07-20,油電燃氣,105.61,-4.0
2026-07-20,玻璃陶瓷,128.35,-5.17
2026-07-20,生技醫療,93.11,-0.42
2026-07-20,紡織纖維,483.07,-0.64
2026-07-20,綠能環保,142.08,-3.46
2026-07-20,航運,185.26,0.05
2026-07-20,觀光餐旅,99.94,0.52
2026-07-20,貿易百貨,248.39,0.29
2026-07-20,資訊服務,206.02,-0.07
2026-07-20,通信網路,230.82,0.19
2026-07-20,造紙,265.8,-1.64
2026-07-20,運動休閒,57.74,0.09
2026-07-20,金融保險,3063.44,-0.57
2026-07-20,鋼鐵,114.72,-0.7
2026-07-20,電器電纜,97.21,-1.73
2026-07-20,電子通路,346.42,-1.85
2026-07-20,電子零組件,795.14,-3.61
2026-07-20,電機機械,500.98,1.11
2026-07-20,電腦及週邊設備,368.58,-1.06
2026-07-20,食品,2008.14,-0.13
2026-07-21,光電,60.89,2.1
2026-07-21,其他,285.63,1.0
2026-07-21,其他電子,268.96,5.29
2026-07-21,化學,192.47,2.35
2026-07-21,化學生技醫療,165.15,0.9
2026-07-21,半導體,1519.21,4.5
2026-07-21,塑膠,344.11,4.8
2026-07-21,居家生活,99.35,0.65
2026-07-21,建材營造,470.33,0.67
2026-07-21,數位雲端,40.61,-0.59
2026-07-21,橡膠,196.83,-0.85
2026-07-21,水泥,119.3,0.8
2026-07-21,汽車,291.9,0.63
2026-07-21,油電燃氣,114.86,8.76
2026-07-21,玻璃陶瓷,130.81,1.92
2026-07-21,生技醫療,93.38,0.29
2026-07-21,紡織纖維,487.75,0.97
2026-07-21,綠能環保,140.19,-1.33
2026-07-21,航運,192.13,3.71
2026-07-21,觀光餐旅,101.2,1.26
2026-07-21,貿易百貨,249.76,0.55
2026-07-21,資訊服務,210.96,2.4
2026-07-21,通信網路,236.32,2.38
2026-07-21,造紙,269.59,1.43
2026-07-21,運動休閒,58.38,1.11
2026-07-21,金融保險,3089.57,0.85
2026-07-21,鋼鐵,116.21,1.3
2026-07-21,電器電纜,99.51,2.37
2026-07-21,電子通路,357.88,3.31
2026-07-21,電子零組件,850.89,7.01
2026-07-21,電機機械,513.27,2.45
2026-07-21,電腦及週邊設備,389.58,5.7
2026-07-21,食品,2004.05,-0.2
2026-07-22,光電,61.93,1.71
2026-07-22,其他,283.21,-0.85
2026-07-22,其他電子,276.76,2.9
2026-07-22,化學,191.47,-0.52
2026-07-22,化學生技醫療,165.02,-0.08
2026-07-22,半導體,1530.42,0.74
2026-07-22,塑膠,360.05,4.63
2026-07-22,居家生活,99.14,-0.21
2026-07-22,建材營造,464.26,-1.29
2026-07-22,數位雲端,40.58,-0.07
2026-07-22,橡膠,193.82,-1.53
2026-07-22,水泥,117.79,-1.27
2026-07-22,汽車,290.01,-0.65
2026-07-22,油電燃氣,114.37,-0.43
2026-07-22,玻璃陶瓷,134.82,3.07
2026-07-22,生技醫療,93.48,0.11
2026-07-22,紡織纖維,483.78,-0.81
2026-07-22,綠能環保,138.33,-1.33
2026-07-22,航運,190.9,-0.64
2026-07-22,觀光餐旅,100.16,-1.03
2026-07-22,貿易百貨,246.23,-1.41
2026-07-22,資訊服務,209.57,-0.66
2026-07-22,通信網路,240.25,1.66
2026-07-22,造紙,268.24,-0.5
2026-07-22,運動休閒,57.86,-0.89
2026-07-22,金融保險,3119.18,0.96
2026-07-22,鋼鐵,117.18,0.83
2026-07-22,電器電纜,100.05,0.54
2026-07-22,電子通路,367.71,2.75
2026-07-22,電子零組件,885.07,4.02
2026-07-22,電機機械,525.14,2.31
2026-07-22,電腦及週邊設備,403.03,3.45
2026-07-22,食品,1951.47,-2.62
2026-07-23,光電,62.2,0.44
2026-07-23,其他,280.96,-0.79
2026-07-23,其他電子,282.52,2.08
2026-07-23,化學,190.31,-0.61
2026-07-23,化學生技醫療,162.25,-1.68
2026-07-23,半導體,1529.48,-0.06
2026-07-23,塑膠,351.44,-2.39
2026-07-23,居家生活,99.28,0.14
2026-07-23,建材營造,462.33,-0.42
2026-07-23,數位雲端,40.24,-0.84
2026-07-23,橡膠,193.69,-0.07
2026-07-23,水泥,118.38,0.5
2026-07-23,汽車,288.69,-0.46
2026-07-23,油電燃氣,123.96,8.39
2026-07-23,玻璃陶瓷,131.09,-2.77
2026-07-23,生技醫療,91.49,-2.13
2026-07-23,紡織纖維,482.5,-0.26
2026-07-23,綠能環保,135.59,-1.98
2026-07-23,航運,188.03,-1.5
2026-07-23,觀光餐旅,99.77,-0.39
2026-07-23,貿易百貨,244.18,-0.83
2026-07-23,資訊服務,208.66,-0.43
2026-07-23,通信網路,241.56,0.55
2026-07-23,造紙,268.56,0.12
2026-07-23,運動休閒,57.57,-0.5
2026-07-23,金融保險,3115.1,-0.13
2026-07-23,鋼鐵,118.15,0.83
2026-07-23,電器電纜,100.1,0.05
2026-07-23,電子通路,373.37,1.54
2026-07-23,電子零組件,878.22,-0.77
2026-07-23,電機機械,524.35,-0.15
2026-07-23,電腦及週邊設備,412.06,2.24
2026-07-23,食品,1963.34,0.61
2026-07-24,光電,59.86,-3.76
2026-07-24,其他,279.67,-0.46
2026-07-24,其他電子,276.0,-2.31
2026-07-24,化學,185.95,-2.29
2026-07-24,化學生技醫療,159.42,-1.74
2026-07-24,半導體,1486.11,-2.84
2026-07-24,塑膠,323.29,-8.01
2026-07-24,居家生活,100.47,1.2
2026-07-24,建材營造,464.01,0.36
2026-07-24,數位雲端,39.59,-1.62
2026-07-24,橡膠,192.84,-0.44
2026-07-24,水泥,117.96,-0.35
2026-07-24,汽車,288.29,-0.14
2026-07-24,油電燃氣,115.25,-7.03
2026-07-24,玻璃陶瓷,123.39,-5.87
2026-07-24,生技醫療,90.11,-1.51
2026-07-24,紡織纖維,482.05,-0.09
2026-07-24,綠能環保,133.86,-1.28
2026-07-24,航運,190.14,1.12
2026-07-24,觀光餐旅,99.92,0.15
2026-07-24,貿易百貨,246.98,1.15
2026-07-24,資訊服務,208.17,-0.23
2026-07-24,通信網路,238.37,-1.32
2026-07-24,造紙,267.67,-0.33
2026-07-24,運動休閒,58.1,0.92
2026-07-24,金融保險,3112.36,-0.09
2026-07-24,鋼鐵,117.96,-0.16
2026-07-24,電器電纜,98.39,-1.71
2026-07-24,電子通路,368.71,-1.25
2026-07-24,電子零組件,827.23,-5.81
2026-07-24,電機機械,511.91,-2.37
2026-07-24,電腦及週邊設備,410.86,-0.29
2026-07-24,食品,1969.22,0.3
2026-07-27,光電,59.51,-0.58
2026-07-27,其他,280.07,0.14
2026-07-27,其他電子,275.1,-0.33
2026-07-27,化學,185.17,-0.42
2026-07-27,化學生技醫療,162.17,1.73
2026-07-27,半導體,1485.92,-0.01
2026-07-27,塑膠,315.79,-2.32
2026-07-27,居家生活,102.03,1.55
2026-07-27,建材營造,465.89,0.41
2026-07-27,數位雲端,40.16,1.44
2026-07-27,橡膠,190.74,-1.09
2026-07-27,水泥,119.95,1.69
2026-07-27,汽車,289.68,0.48
2026-07-27,油電燃氣,105.76,-8.23
2026-07-27,玻璃陶瓷,126.11,2.2
2026-07-27,生技醫療,92.5,2.65
2026-07-27,紡織纖維,483.23,0.24
2026-07-27,綠能環保,131.05,-2.1
2026-07-27,航運,188.98,-0.61
2026-07-27,觀光餐旅,100.32,0.4
2026-07-27,貿易百貨,246.61,-0.15
2026-07-27,資訊服務,211.02,1.37
2026-07-27,通信網路,240.4,0.85
2026-07-27,造紙,266.96,-0.27
2026-07-27,運動休閒,58.32,0.38
2026-07-27,金融保險,3157.5,1.45
2026-07-27,鋼鐵,118.71,0.64
2026-07-27,電器電纜,97.89,-0.51
2026-07-27,電子通路,364.05,-1.26
2026-07-27,電子零組件,823.03,-0.51
2026-07-27,電機機械,518.39,1.27
2026-07-27,電腦及週邊設備,407.45,-0.83
2026-07-27,食品,1961.23,-0.41
2026-07-28,光電,56.68,-4.76
2026-07-28,其他,277.45,-0.94
2026-07-28,其他電子,259.48,-5.68
2026-07-28,化學,177.31,-4.24
2026-07-28,化學生技醫療,155.01,-4.42
2026-07-28,半導體,1420.31,-4.42
2026-07-28,塑膠,289.57,-8.3
2026-07-28,居家生活,101.47,-0.55
2026-07-28,建材營造,464.92,-0.21
2026-07-28,數位雲端,38.8,-3.39
2026-07-28,橡膠,189.17,-0.82
2026-07-28,水泥,120.87,0.77
2026-07-28,汽車,285.12,-1.57
2026-07-28,油電燃氣,101.69,-3.85
2026-07-28,玻璃陶瓷,116.08,-7.95
2026-07-28,生技醫療,88.35,-4.49
2026-07-28,紡織纖維,476.73,-1.35
2026-07-28,綠能環保,123.79,-5.54
2026-07-28,航運,187.88,-0.58
2026-07-28,觀光餐旅,99.95,-0.37
2026-07-28,貿易百貨,244.34,-0.92
2026-07-28,資訊服務,207.58,-1.63
2026-07-28,通信網路,230.88,-3.96
2026-07-28,造紙,265.59,-0.51
2026-07-28,運動休閒,57.7,-1.06
2026-07-28,金融保險,3096.84,-1.92
2026-07-28,鋼鐵,116.61,-1.77
2026-07-28,電器電纜,93.44,-4.55
2026-07-28,電子通路,345.17,-5.19
2026-07-28,電子零組件,749.07,-8.99
2026-07-28,電機機械,485.65,-6.32
2026-07-28,電腦及週邊設備,385.99,-5.27
2026-07-28,食品,1960.77,-0.02
2026-07-29,光電,54.51,-3.83
2026-07-29,其他,272.23,-1.88
2026-07-29,其他電子,254.13,-2.06
2026-07-29,化學,170.75,-3.7
2026-07-29,化學生技醫療,150.71,-2.77
2026-07-29,半導體,1357.93,-4.39
2026-07-29,塑膠,269.19,-7.04
2026-07-29,居家生活,101.88,0.4
2026-07-29,建材營造,469.75,1.04
2026-07-29,數位雲端,39.67,2.24
2026-07-29,橡膠,187.0,-1.15
2026-07-29,水泥,119.47,-1.16
2026-07-29,汽車,288.72,1.26
2026-07-29,油電燃氣,101.83,0.14
2026-07-29,玻璃陶瓷,106.94,-7.87
2026-07-29,生技醫療,86.24,-2.39
2026-07-29,紡織纖維,473.54,-0.67
2026-07-29,綠能環保,119.23,-3.68
2026-07-29,航運,187.1,-0.42
2026-07-29,觀光餐旅,100.45,0.5
2026-07-29,貿易百貨,247.42,1.26
2026-07-29,資訊服務,206.71,-0.42
2026-07-29,通信網路,223.83,-3.05
2026-07-29,造紙,264.69,-0.34
2026-07-29,運動休閒,58.49,1.37
2026-07-29,金融保險,3067.13,-0.96
2026-07-29,鋼鐵,116.76,0.13
2026-07-29,電器電纜,90.35,-3.31
2026-07-29,電子通路,334.27,-3.16
2026-07-29,電子零組件,698.96,-6.69
2026-07-29,電機機械,472.18,-2.77
2026-07-29,電腦及週邊設備,378.04,-2.06
2026-07-29,食品,1973.82,0.67
2026-07-30,光電,52.79,-3.16
2026-07-30,其他,269.67,-0.94
2026-07-30,其他電子,247.86,-2.47
2026-07-30,化學,168.78,-1.15
2026-07-30,化學生技醫療,147.6,-2.06
2026-07-30,半導體,1361.31,0.25
2026-07-30,塑膠,269.07,-0.04
2026-07-30,居家生活,102.61,0.72
2026-07-30,建材營造,468.37,-0.29
2026-07-30,數位雲端,39.19,-1.21
2026-07-30,橡膠,187.3,0.16
2026-07-30,水泥,119.24,-0.19
2026-07-30,汽車,294.81,2.11
2026-07-30,油電燃氣,97.78,-3.98
2026-07-30,玻璃陶瓷,103.51,-3.21
2026-07-30,生技醫療,84.14,-2.44
2026-07-30,紡織纖維,475.48,0.41
2026-07-30,綠能環保,115.02,-3.53
2026-07-30,航運,185.95,-0.61
2026-07-30,觀光餐旅,100.58,0.13
2026-07-30,貿易百貨,240.76,-2.69
2026-07-30,資訊服務,206.82,0.05
2026-07-30,通信網路,223.3,-0.24
2026-07-30,造紙,266.49,0.68
2026-07-30,運動休閒,57.54,-1.62
2026-07-30,金融保險,3112.75,1.49
2026-07-30,鋼鐵,116.76,0.0
2026-07-30,電器電纜,88.63,-1.9
2026-07-30,電子通路,330.79,-1.04
2026-07-30,電子零組件,694.68,-0.61
2026-07-30,電機機械,461.43,-2.28
2026-07-30,電腦及週邊設備,364.48,-3.59
2026-07-30,食品,1934.28,-2.0
2026-07-31,光電,56.93,7.84
2026-07-31,其他,272.49,1.05
2026-07-31,其他電子,269.92,8.9
2026-07-31,化學,174.1,3.15
2026-07-31,化學生技醫療,150.81,2.17
2026-07-31,半導體,1494.81,9.81
2026-07-31,塑膠,286.96,6.65
2026-07-31,居家生活,102.55,-0.06
2026-07-31,建材營造,468.25,-0.03
2026-07-31,數位雲端,39.36,0.43
2026-07-31,橡膠,188.6,0.69
2026-07-31,水泥,119.56,0.27
2026-07-31,汽車,300.16,1.81
2026-07-31,油電燃氣,96.86,-0.94
2026-07-31,玻璃陶瓷,110.61,6.86
2026-07-31,生技醫療,85.62,1.76
2026-07-31,紡織纖維,475.14,-0.07
2026-07-31,綠能環保,120.64,4.89
2026-07-31,航運,189.57,1.95
2026-07-31,觀光餐旅,101.26,0.68
2026-07-31,貿易百貨,237.4,-1.4
2026-07-31,資訊服務,217.49,5.16
2026-07-31,通信網路,231.34,3.6
2026-07-31,造紙,265.44,-0.39
2026-07-31,運動休閒,56.92,-1.08
2026-07-31,金融保險,3251.17,4.45
2026-07-31,鋼鐵,116.82,0.05
2026-07-31,電器電纜,94.75,6.91
2026-07-31,電子通路,353.31,6.81
2026-07-31,電子零組件,754.93,8.67
2026-07-31,電機機械,485.66,5.25
2026-07-31,電腦及週邊設備,390.98,7.27
2026-07-31,食品,1900.78,-1.73
2026-08-03,光電,57.42,0.86
2026-08-03,其他,274.1,0.59
2026-08-03,其他電子,270.59,0.25
2026-08-03,化學,178.6,2.58
2026-08-03,化學生技醫療,158.31,4.97
2026-08-03,半導體,1491.44,-0.23
2026-08-03,塑膠,291.02,1.41
2026-08-03,居家生活,101.35,-1.17
2026-08-03,建材營造,466.48,-0.38
2026-08-03,數位雲端,39.57,0.53
2026-08-03,橡膠,188.05,-0.29
2026-08-03,水泥,117.92,-1.37
2026-08-03,汽車,291.42,-2.91
2026-08-03,油電燃氣,93.47,-3.5
2026-08-03,玻璃陶瓷,114.66,3.66
2026-08-03,生技醫療,90.75,5.99
2026-08-03,紡織纖維,475.53,0.08
2026-08-03,綠能環保,124.34,3.07
2026-08-03,航運,191.23,0.88
2026-08-03,觀光餐旅,100.31,-0.94
2026-08-03,貿易百貨,235.23,-0.91
2026-08-03,資訊服務,210.14,-3.38
2026-08-03,通信網路,240.31,3.88
2026-08-03,造紙,266.98,0.58
2026-08-03,運動休閒,57.0,0.14
2026-08-03,金融保險,3220.6,-0.94
2026-08-03,鋼鐵,117.78,0.82
2026-08-03,電器電纜,97.63,3.04
2026-08-03,電子通路,360.87,2.14
2026-08-03,電子零組件,782.07,3.6
2026-08-03,電機機械,507.34,4.46
2026-08-03,電腦及週邊設備,409.39,4.71
2026-08-03,食品,1884.08,-0.88
2026-08-04,光電,60.22,4.88
2026-08-04,其他,272.46,-0.6
2026-08-04,其他電子,270.75,0.06
2026-08-04,化學,180.87,1.27
2026-08-04,化學生技醫療,160.89,1.63
2026-08-04,半導體,1471.0,-1.37
2026-08-04,塑膠,299.97,3.08
2026-08-04,居家生活,101.4,0.05
2026-08-04,建材營造,457.04,-2.02
2026-08-04,數位雲端,40.19,1.57
2026-08-04,橡膠,188.96,0.48
2026-08-04,水泥,116.7,-1.03
2026-08-04,汽車,288.66,-0.95
2026-08-04,油電燃氣,94.13,0.71
2026-08-04,玻璃陶瓷,125.37,9.34
2026-08-04,生技醫療,92.37,1.79
2026-08-04,紡織纖維,481.3,1.21
2026-08-04,綠能環保,129.28,3.97
2026-08-04,航運,191.17,-0.03
2026-08-04,觀光餐旅,99.01,-1.3
2026-08-04,貿易百貨,234.51,-0.31
2026-08-04,資訊服務,211.97,0.87
2026-08-04,通信網路,239.51,-0.33
2026-08-04,造紙,269.8,1.06
2026-08-04,運動休閒,56.17,-1.46
2026-08-04,金融保險,3203.06,-0.54
2026-08-04,鋼鐵,117.8,0.02
2026-08-04,電器電纜,100.09,2.52
2026-08-04,電子通路,370.42,2.65
2026-08-04,電子零組件,816.95,4.46
2026-08-04,電機機械,516.51,1.81
2026-08-04,電腦及週邊設備,421.69,3.0
2026-08-04,食品,1891.83,0.41
2026-08-05,光電,62.05,3.04
2026-08-05,其他,274.2,0.64
2026-08-05,其他電子,276.7,2.2
2026-08-05,化學,184.13,1.8
2026-08-05,化學生技醫療,167.95,4.39
2026-08-05,半導體,1524.6,3.64
2026-08-05,塑膠,308.41,2.81
2026-08-05,居家生活,101.24,-0.16
2026-08-05,建材營造,459.5,0.54
2026-08-05,數位雲端,40.9,1.77
2026-08-05,橡膠,190.06,0.58
2026-08-05,水泥,118.22,1.3
2026-08-05,汽車,288.55,-0.04
2026-08-05,油電燃氣,93.47,-0.7
2026-08-05,玻璃陶瓷,128.95,2.86
2026-08-05,生技醫療,97.4,5.45
2026-08-05,紡織纖維,480.25,-0.22
2026-08-05,綠能環保,132.18,2.24
2026-08-05,航運,191.86,0.36
2026-08-05,觀光餐旅,98.94,-0.07
2026-08-05,貿易百貨,234.63,0.05
2026-08-05,資訊服務,214.72,1.3
2026-08-05,通信網路,242.96,1.44
2026-08-05,造紙,269.98,0.07
2026-08-05,運動休閒,57.02,1.51
2026-08-05,金融保險,3229.71,0.83
2026-08-05,鋼鐵,117.68,-0.1
2026-08-05,電器電纜,101.77,1.68
2026-08-05,電子通路,387.84,4.7
2026-08-05,電子零組件,839.72,2.79
2026-08-05,電機機械,535.59,3.69
2026-08-05,電腦及週邊設備,430.33,2.05
2026-08-05,食品,1881.57,-0.54
2026-08-06,光電,62.88,1.34
2026-08-06,其他,272.58,-0.59
2026-08-06,其他電子,284.18,2.7
2026-08-06,化學,185.85,0.93
2026-08-06,化學生技醫療,166.45,-0.89
2026-08-06,半導體,1505.44,-1.26
2026-08-06,塑膠,309.0,0.19
2026-08-06,居家生活,102.69,1.43
2026-08-06,建材營造,456.76,-0.6
2026-08-06,數位雲端,40.73,-0.42
2026-08-06,橡膠,191.99,1.02
2026-08-06,水泥,119.43,1.02
2026-08-06,汽車,291.86,1.15
2026-08-06,油電燃氣,92.91,-0.6
2026-08-06,玻璃陶瓷,130.24,1.0
2026-08-06,生技醫療,95.82,-1.62
2026-08-06,紡織纖維,484.57,0.9
2026-08-06,綠能環保,135.3,2.36
2026-08-06,航運,190.27,-0.83
2026-08-06,觀光餐旅,99.26,0.32
2026-08-06,貿易百貨,232.78,-0.79
2026-08-06,資訊服務,212.04,-1.25
2026-08-06,通信網路,243.48,0.21
2026-08-06,造紙,275.66,2.1
2026-08-06,運動休閒,58.21,2.09
2026-08-06,金融保險,3160.38,-2.15
2026-08-06,鋼鐵,120.15,2.1
2026-08-06,電器電纜,101.04,-0.72
2026-08-06,電子通路,388.57,0.19
2026-08-06,電子零組件,854.78,1.79
2026-08-06,電機機械,541.17,1.04
2026-08-06,電腦及週邊設備,435.05,1.1
2026-08-06,食品,1884.59,0.16
2026-08-07,光電,60.99,-3.01
2026-08-07,其他,274.29,0.63
2026-08-07,其他電子,280.11,-1.43
2026-08-07,化學,184.56,-0.69
2026-08-07,化學生技醫療,163.75,-1.62
2026-08-07,半導體,1502.35,-0.21
2026-08-07,塑膠,320.61,3.76
2026-08-07,居家生活,102.66,-0.03
2026-08-07,建材營造,459.31,0.56
2026-08-07,數位雲端,43.52,6.85
2026-08-07,橡膠,195.89,2.03
2026-08-07,水泥,119.41,-0.02
2026-08-07,汽車,291.29,-0.2
2026-08-07,油電燃氣,97.36,4.79
2026-08-07,玻璃陶瓷,126.94,-2.53
2026-08-07,生技醫療,93.9,-2.0
2026-08-07,紡織纖維,482.38,-0.45
2026-08-07,綠能環保,137.0,1.26
2026-08-07,航運,192.73,1.29
2026-08-07,觀光餐旅,100.41,1.16
2026-08-07,貿易百貨,234.17,0.6
2026-08-07,資訊服務,212.74,0.33
2026-08-07,通信網路,235.95,-3.09
2026-08-07,造紙,278.15,0.9
2026-08-07,運動休閒,58.46,0.43
2026-08-07,金融保險,3191.74,0.99
2026-08-07,鋼鐵,121.74,1.32
2026-08-07,電器電纜,102.0,0.95
2026-08-07,電子通路,373.47,-3.89
2026-08-07,電子零組件,844.07,-1.25
2026-08-07,電機機械,536.22,-0.91
2026-08-07,電腦及週邊設備,426.29,-2.01
2026-08-07,食品,1920.4,1.9
2026-08-10,光電,63.6,4.28
2026-08-10,其他,274.67,0.14
2026-08-10,其他電子,284.21,1.46
2026-08-10,化學,189.19,2.51
2026-08-10,化學生技醫療,170.02,3.83
2026-08-10,半導體,1520.75,1.22
2026-08-10,塑膠,317.11,-1.09
2026-08-10,居家生活,102.71,0.05
2026-08-10,建材營造,456.84,-0.54
2026-08-10,數位雲端,42.69,-1.91
2026-08-10,橡膠,199.08,1.63
2026-08-10,水泥,120.16,0.63
2026-08-10,汽車,291.97,0.23
2026-08-10,油電燃氣,94.47,-2.97
2026-08-10,玻璃陶瓷,130.82,3.06
2026-08-10,生技醫療,98.01,4.38
2026-08-10,紡織纖維,485.58,0.66
2026-08-10,綠能環保,140.08,2.25
2026-08-10,航運,192.85,0.06
2026-08-10,觀光餐旅,101.29,0.88
2026-08-10,貿易百貨,234.49,0.14
2026-08-10,資訊服務,211.76,-0.46
2026-08-10,通信網路,235.11,-0.36
2026-08-10,造紙,282.27,1.48
2026-08-10,運動休閒,59.62,1.98
2026-08-10,金融保險,3211.03,0.6
2026-08-10,鋼鐵,123.81,1.7
2026-08-10,電器電纜,108.03,5.91
2026-08-10,電子通路,389.07,4.18
2026-08-10,電子零組件,885.1,4.86
2026-08-10,電機機械,547.35,2.08
2026-08-10,電腦及週邊設備,436.28,2.34
2026-08-10,食品,1919.01,-0.07
2026-08-11,光電,62.4,-1.89
2026-08-11,其他,278.53,1.41
2026-08-11,其他電子,284.32,0.04
2026-08-11,化學,190.79,0.85
2026-08-11,化學生技醫療,175.31,3.11
2026-08-11,半導體,1529.65,0.59
2026-08-11,塑膠,321.92,1.52
2026-08-11,居家生活,105.92,3.13
2026-08-11,建材營造,453.14,-0.81
2026-08-11,數位雲端,42.4,-0.68
2026-08-11,橡膠,200.31,0.62
2026-08-11,水泥,119.77,-0.32
2026-08-11,汽車,291.8,-0.06
2026-08-11,油電燃氣,96.84,2.51
2026-08-11,玻璃陶瓷,133.52,2.06
2026-08-11,生技醫療,101.96,4.03
2026-08-11,紡織纖維,483.48,-0.43
2026-08-11,綠能環保,136.91,-2.26
2026-08-11,航運,193.29,0.23
2026-08-11,觀光餐旅,100.71,-0.57
2026-08-11,貿易百貨,233.97,-0.22
2026-08-11,資訊服務,210.38,-0.65
2026-08-11,通信網路,232.85,-0.96
2026-08-11,造紙,280.54,-0.61
2026-08-11,運動休閒,60.95,2.23
2026-08-11,金融保險,3174.73,-1.13
2026-08-11,鋼鐵,123.31,-0.4
2026-08-11,電器電纜,108.84,0.75
2026-08-11,電子通路,383.66,-1.39
2026-08-11,電子零組件,901.73,1.88
2026-08-11,電機機械,543.62,-0.68
2026-08-11,電腦及週邊設備,433.94,-0.54
2026-08-11,食品,1930.39,0.59
2026-08-12,光電,63.89,2.39
2026-08-12,其他,277.91,-0.22
2026-08-12,其他電子,290.5,2.17
2026-08-12,化學,195.81,2.63
2026-08-12,化學生技醫療,176.08,0.44
2026-08-12,半導體,1541.0,0.74
2026-08-12,塑膠,322.6,0.21
2026-08-12,居家生活,104.63,-1.22
2026-08-12,建材營造,456.45,0.73
2026-08-12,數位雲端,42.17,-0.54
2026-08-12,橡膠,200.49,0.09
2026-08-12,水泥,119.11,-0.55
2026-08-12,汽車,291.55,-0.09
2026-08-12,油電燃氣,95.87,-1.0
2026-08-12,玻璃陶瓷,136.88,2.52
2026-08-12,生技醫療,101.54,-0.41
2026-08-12,紡織纖維,483.29,-0.04
2026-08-12,綠能環保,137.7,0.58
2026-08-12,航運,192.36,-0.48
2026-08-12,觀光餐旅,100.14,-0.57
2026-08-12,貿易百貨,235.05,0.46
2026-08-12,資訊服務,210.21,-0.08
2026-08-12,通信網路,236.44,1.54
2026-08-12,造紙,283.03,0.89
2026-08-12,運動休閒,60.45,-0.82
2026-08-12,金融保險,3175.77,0.03
2026-08-12,鋼鐵,122.81,-0.41
2026-08-12,電器電纜,112.49,3.35
2026-08-12,電子通路,382.23,-0.37
2026-08-12,電子零組件,911.43,1.08
2026-08-12,電機機械,556.38,2.35
2026-08-12,電腦及週邊設備,445.96,2.77
2026-08-12,食品,1931.67,0.07
2026-08-13,光電,63.93,0.06
2026-08-13,其他,279.19,0.46
2026-08-13,其他電子,287.79,-0.93
2026-08-13,化學,194.55,-0.64
2026-08-13,化學生技醫療,175.08,-0.57
2026-08-13,半導體,1561.75,1.35
2026-08-13,塑膠,323.69,0.34
2026-08-13,居家生活,100.13,-4.3
2026-08-13,建材營造,458.48,0.44
2026-08-13,數位雲端,42.07,-0.24
2026-08-13,橡膠,196.1,-2.19
2026-08-13,水泥,117.31,-1.51
2026-08-13,汽車,295.34,1.3
2026-08-13,油電燃氣,95.3,-0.59
2026-08-13,玻璃陶瓷,135.54,-0.98
2026-08-13,生技醫療,100.98,-0.55
2026-08-13,紡織纖維,481.06,-0.46
2026-08-13,綠能環保,135.67,-1.47
2026-08-13,航運,191.62,-0.38
2026-08-13,觀光餐旅,100.02,-0.12
2026-08-13,貿易百貨,232.63,-1.03
2026-08-13,資訊服務,218.79,4.08
2026-08-13,通信網路,237.35,0.38
2026-08-13,造紙,280.15,-1.02
2026-08-13,運動休閒,59.85,-0.99
2026-08-13,金融保險,3167.17,-0.27
2026-08-13,鋼鐵,122.71,-0.08
2026-08-13,電器電纜,111.1,-1.24
2026-08-13,電子通路,381.57,-0.17
2026-08-13,電子零組件,933.79,2.45
2026-08-13,電機機械,555.37,-0.18
2026-08-13,電腦及週邊設備,459.48,3.03
2026-08-13,食品,1928.2,-0.18
2026-08-14,光電,63.59,-0.53
2026-08-14,其他,280.26,0.38
2026-08-14,其他電子,286.1,-0.59
2026-08-14,化學,189.69,-2.5
2026-08-14,化學生技醫療,175.74,0.38
2026-08-14,半導體,1539.15,-1.45
2026-08-14,塑膠,346.83,7.15
2026-08-14,居家生活,101.64,1.51
2026-08-14,建材營造,454.13,-0.95
2026-08-14,數位雲端,41.44,-1.5
2026-08-14,橡膠,191.93,-2.13
2026-08-14,水泥,119.82,2.14
2026-08-14,汽車,293.62,-0.58
2026-08-14,油電燃氣,96.69,1.46
2026-08-14,玻璃陶瓷,138.18,1.95
2026-08-14,生技醫療,102.54,1.54
2026-08-14,紡織纖維,479.57,-0.31
2026-08-14,綠能環保,133.38,-1.69
2026-08-14,航運,194.49,1.5
2026-08-14,觀光餐旅,99.76,-0.26
2026-08-14,貿易百貨,235.25,1.13
2026-08-14,資訊服務,226.29,3.43
2026-08-14,通信網路,237.45,0.04
2026-08-14,造紙,277.68,-0.88
2026-08-14,運動休閒,59.2,-1.09
2026-08-14,金融保險,3196.52,0.93
2026-08-14,鋼鐵,119.72,-2.44
2026-08-14,電器電纜,110.9,-0.18
2026-08-14,電子通路,371.32,-2.69
2026-08-14,電子零組件,945.87,1.29
2026-08-14,電機機械,552.23,-0.57
2026-08-14,電腦及週邊設備,465.79,1.37
2026-08-14,食品,1913.47,-0.76
2026-08-17,光電,66.68,4.86
2026-08-17,其他,278.18,-0.74
2026-08-17,其他電子,284.2,-0.66
2026-08-17,化學,190.9,0.64
2026-08-17,化學生技醫療,171.95,-2.16
2026-08-17,半導體,1538.32,-0.05
2026-08-17,塑膠,337.46,-2.7
2026-08-17,居家生活,100.86,-0.77
2026-08-17,建材營造,458.59,0.98
2026-08-17,數位雲端,41.27,-0.41
2026-08-17,橡膠,194.03,1.09
2026-08-17,水泥,119.8,-0.02
2026-08-17,汽車,294.27,0.22
2026-08-17,油電燃氣,96.92,0.24
2026-08-17,玻璃陶瓷,139.7,1.1
2026-08-17,生技醫療,99.22,-3.24
2026-08-17,紡織纖維,475.57,-0.83
2026-08-17,綠能環保,136.34,2.22
2026-08-17,航運,202.27,4.0
2026-08-17,觀光餐旅,100.33,0.57
2026-08-17,貿易百貨,235.78,0.23
2026-08-17,資訊服務,227.06,0.34
2026-08-17,通信網路,239.44,0.84
2026-08-17,造紙,282.45,1.72
2026-08-17,運動休閒,58.35,-1.44
2026-08-17,金融保險,3155.65,-1.28
2026-08-17,鋼鐵,120.52,0.67
2026-08-17,電器電纜,109.37,-1.38
2026-08-17,電子通路,362.67,-2.33
2026-08-17,電子零組件,968.63,2.41
2026-08-17,電機機械,558.44,1.12
2026-08-17,電腦及週邊設備,459.27,-1.4
2026-08-17,食品,1909.81,-0.19
2026-08-18,光電,66.33,-0.52
2026-08-18,其他,276.8,-0.5
2026-08-18,其他電子,279.28,-1.73
2026-08-18,化學,188.65,-1.18
2026-08-18,化學生技醫療,170.84,-0.65
2026-08-18,半導體,1515.6,-1.48
2026-08-18,塑膠,336.84,-0.18
2026-08-18,居家生活,100.66,-0.2
2026-08-18,建材營造,456.24,-0.51
2026-08-18,數位雲端,40.86,-0.99
2026-08-18,橡膠,195.08,0.54
2026-08-18,水泥,119.45,-0.29
2026-08-18,汽車,291.72,-0.87
2026-08-18,油電燃氣,97.9,1.01
2026-08-18,玻璃陶瓷,134.83,-3.49
2026-08-18,生技醫療,98.79,-0.43
2026-08-18,紡織纖維,472.71,-0.6
2026-08-18,綠能環保,133.96,-1.75
2026-08-18,航運,206.5,2.09
2026-08-18,觀光餐旅,99.77,-0.56
2026-08-18,貿易百貨,237.04,0.53
2026-08-18,資訊服務,224.8,-1.0
2026-08-18,通信網路,236.74,-1.13
2026-08-18,造紙,279.7,-0.97
2026-08-18,運動休閒,57.74,-1.05
2026-08-18,金融保險,3178.56,0.73
2026-08-18,鋼鐵,120.59,0.06
2026-08-18,電器電纜,106.54,-2.59
2026-08-18,電子通路,359.64,-0.84
2026-08-18,電子零組件,952.3,-1.69
2026-08-18,電機機械,553.88,-0.82
2026-08-18,電腦及週邊設備,450.23,-1.97
2026-08-18,食品,1926.04,0.85
2026-08-19,光電,66.43,0.15
2026-08-19,其他,276.93,0.05
2026-08-19,其他電子,272.13,-2.56
2026-08-19,化學,187.59,-0.56
2026-08-19,化學生技醫療,170.62,-0.13
2026-08-19,半導體,1494.45,-1.4
2026-08-19,塑膠,319.1,-5.27
2026-08-19,居家生活,100.24,-0.42
2026-08-19,建材營造,456.33,0.02
2026-08-19,數位雲端,40.76,-0.24
2026-08-19,橡膠,194.46,-0.32
2026-08-19,水泥,119.66,0.18
2026-08-19,汽車,290.75,-0.33
2026-08-19,油電燃氣,95.74,-2.21
2026-08-19,玻璃陶瓷,135.89,0.79
2026-08-19,生技醫療,98.83,0.04
2026-08-19,紡織纖維,472.2,-0.11
2026-08-19,綠能環保,130.5,-2.58
2026-08-19,航運,208.28,0.86
2026-08-19,觀光餐旅,100.3,0.53
2026-08-19,貿易百貨,240.15,1.31
2026-08-19,資訊服務,227.01,0.98
2026-08-19,通信網路,232.79,-1.67
2026-08-19,造紙,282.67,1.06
2026-08-19,運動休閒,58.59,1.47
2026-08-19,金融保險,3145.21,-1.05
2026-08-19,鋼鐵,120.96,0.31
2026-08-19,電器電纜,105.96,-0.54
2026-08-19,電子通路,356.99,-0.74
2026-08-19,電子零組件,932.86,-2.04
2026-08-19,電機機械,549.16,-0.85
2026-08-19,電腦及週邊設備,452.87,0.59
2026-08-19,食品,1944.86,0.98
2026-08-20,光電,66.51,0.12
2026-08-20,其他,280.55,1.31
2026-08-20,其他電子,273.62,0.55
2026-08-20,化學,189.39,0.96
2026-08-20,化學生技醫療,173.1,1.45
2026-08-20,半導體,1506.4,0.8
2026-08-20,塑膠,319.83,0.23
2026-08-20,居家生活,101.61,1.37
2026-08-20,建材營造,465.97,2.11
2026-08-20,數位雲端,40.62,-0.34
2026-08-20,橡膠,197.34,1.48
2026-08-20,水泥,122.86,2.67
2026-08-20,汽車,293.56,0.97
2026-08-20,油電燃氣,99.21,3.62
2026-08-20,玻璃陶瓷,137.21,0.97
2026-08-20,生技醫療,100.46,1.65
2026-08-20,紡織纖維,483.02,2.29
2026-08-20,綠能環保,129.19,-1.0
2026-08-20,航運,213.45,2.48
2026-08-20,觀光餐旅,101.54,1.24
2026-08-20,貿易百貨,241.64,0.62
2026-08-20,資訊服務,229.27,1.0
2026-08-20,通信網路,233.48,0.3
2026-08-20,造紙,287.91,1.85
2026-08-20,運動休閒,59.34,1.28
2026-08-20,金融保險,3124.48,-0.66
2026-08-20,鋼鐵,122.82,1.54
2026-08-20,電器電纜,106.31,0.33
2026-08-20,電子通路,357.82,0.23
2026-08-20,電子零組件,933.5,0.07
2026-08-20,電機機械,551.36,0.4
2026-08-20,電腦及週邊設備,445.3,-1.67
2026-08-20,食品,1963.2,0.94
2026-08-21,光電,67.04,0.8
2026-08-21,其他,283.64,1.1
2026-08-21,其他電子,271.81,-0.66
2026-08-21,化學,192.21,1.49
2026-08-21,化學生技醫療,175.54,1.41
2026-08-21,半導體,1526.32,1.32
2026-08-21,塑膠,329.68,3.08
2026-08-21,居家生活,101.08,-0.52
2026-08-21,建材營造,469.75,0.81
2026-08-21,數位雲端,40.41,-0.52
2026-08-21,橡膠,199.5,1.09
2026-08-21,水泥,123.36,0.41
2026-08-21,汽車,295.76,0.75
2026-08-21,油電燃氣,102.6,3.42
2026-08-21,玻璃陶瓷,136.95,-0.19
2026-08-21,生技醫療,101.85,1.38
2026-08-21,紡織纖維,492.42,1.95
2026-08-21,綠能環保,132.25,2.37
2026-08-21,航運,220.64,3.37
2026-08-21,觀光餐旅,103.28,1.71
2026-08-21,貿易百貨,243.95,0.96
2026-08-21,資訊服務,228.75,-0.23
2026-08-21,通信網路,230.76,-1.16
2026-08-21,造紙,291.86,1.37
2026-08-21,運動休閒,59.38,0.07
2026-08-21,金融保險,3203.49,2.53
2026-08-21,鋼鐵,123.21,0.32
2026-08-21,電器電纜,107.2,0.84
2026-08-21,電子通路,361.33,0.98
2026-08-21,電子零組件,908.79,-2.65
2026-08-21,電機機械,539.95,-2.07
2026-08-21,電腦及週邊設備,437.97,-1.65
2026-08-21,食品,1960.23,-0.15
2026-08-24,光電,65.82,-1.82
2026-08-24,其他,282.2,-0.51
2026-08-24,其他電子,268.12,-1.36
2026-08-24,化學,190.43,-0.93
2026-08-24,化學生技醫療,177.7,1.23
2026-08-24,半導體,1508.35,-1.18
2026-08-24,塑膠,311.7,-5.45
2026-08-24,居家生活,98.83,-2.23
2026-08-24,建材營造,464.04,-1.22
2026-08-24,數位雲端,40.28,-0.32
2026-08-24,橡膠,198.22,-0.64
2026-08-24,水泥,122.72,-0.52
2026-08-24,汽車,295.03,-0.25
2026-08-24,油電燃氣,95.51,-6.91
2026-08-24,玻璃陶瓷,135.28,-1.22
2026-08-24,生技醫療,103.97,2.08
2026-08-24,紡織纖維,483.73,-1.76
2026-08-24,綠能環保,132.18,-0.05
2026-08-24,航運,219.93,-0.32
2026-08-24,觀光餐旅,103.16,-0.12
2026-08-24,貿易百貨,242.62,-0.55
2026-08-24,資訊服務,229.43,0.3
2026-08-24,通信網路,230.9,0.06
2026-08-24,造紙,289.91,-0.67
2026-08-24,運動休閒,59.08,-0.51
2026-08-24,金融保險,3160.25,-1.35
2026-08-24,鋼鐵,122.95,-0.21
2026-08-24,電器電纜,108.72,1.42
2026-08-24,電子通路,360.59,-0.2
2026-08-24,電子零組件,900.84,-0.87
2026-08-24,電機機械,534.78,-0.96
2026-08-24,電腦及週邊設備,444.32,1.45
2026-08-24,食品,1948.18,-0.61
2026-08-25,光電,68.11,3.48
2026-08-25,其他,281.42,-0.28
2026-08-25,其他電子,266.34,-0.66
2026-08-25,化學,188.86,-0.82
2026-08-25,化學生技醫療,178.06,0.2
2026-08-25,半導體,1521.73,0.89
2026-08-25,塑膠,322.34,3.41
2026-08-25,居家生活,100.12,1.31
2026-08-25,建材營造,461.71,-0.5
2026-08-25,數位雲端,40.43,0.37
2026-08-25,橡膠,197.1,-0.57
2026-08-25,水泥,122.54,-0.15
2026-08-25,汽車,293.76,-0.43
2026-08-25,油電燃氣,96.83,1.38
2026-08-25,玻璃陶瓷,137.52,1.66
2026-08-25,生技醫療,104.59,0.6
2026-08-25,紡織纖維,481.62,-0.44
2026-08-25,綠能環保,130.7,-1.12
2026-08-25,航運,218.8,-0.51
2026-08-25,觀光餐旅,103.07,-0.09
2026-08-25,貿易百貨,242.51,-0.05
2026-08-25,資訊服務,229.37,-0.03
2026-08-25,通信網路,231.13,0.1
2026-08-25,造紙,287.01,-1.0
2026-08-25,運動休閒,58.82,-0.44
2026-08-25,金融保險,3233.38,2.31
2026-08-25,鋼鐵,122.07,-0.72
2026-08-25,電器電纜,109.2,0.44
2026-08-25,電子通路,357.97,-0.73
2026-08-25,電子零組件,906.51,0.63
2026-08-25,電機機械,542.94,1.53
2026-08-25,電腦及週邊設備,450.7,1.44
2026-08-25,食品,1953.18,0.26
2026-08-26,光電,71.32,4.71
2026-08-26,其他,284.17,0.98
2026-08-26,其他電子,269.42,1.16
2026-08-26,化學,192.62,1.99
2026-08-26,化學生技醫療,184.16,3.43
2026-08-26,半導體,1540.0,1.2
2026-08-26,塑膠,346.85,7.6
2026-08-26,居家生活,101.4,1.28
2026-08-26,建材營造,467.07,1.16
2026-08-26,數位雲端,40.93,1.24
2026-08-26,橡膠,198.1,0.51
2026-08-26,水泥,122.24,-0.24
2026-08-26,汽車,296.0,0.76
2026-08-26,油電燃氣,96.19,-0.66
2026-08-26,玻璃陶瓷,141.62,2.98
2026-08-26,生技醫療,108.74,3.97
2026-08-26,紡織纖維,480.0,-0.34
2026-08-26,綠能環保,130.9,0.15
2026-08-26,航運,210.02,-4.01
2026-08-26,觀光餐旅,103.67,0.58
2026-08-26,貿易百貨,242.09,-0.17
2026-08-26,資訊服務,229.14,-0.1
2026-08-26,通信網路,232.18,0.45
2026-08-26,造紙,287.08,0.02
2026-08-26,運動休閒,59.16,0.58
2026-08-26,金融保險,3223.07,-0.32
2026-08-26,鋼鐵,122.89,0.67
2026-08-26,電器電纜,111.36,1.98
2026-08-26,電子通路,357.81,-0.04
2026-08-26,電子零組件,937.0,3.36
2026-08-26,電機機械,547.76,0.89
2026-08-26,電腦及週邊設備,465.39,3.26
2026-08-26,食品,1957.61,0.23
2026-08-27,光電,74.19,4.02
2026-08-27,其他,282.78,-0.49
2026-08-27,其他電子,273.9,1.66
2026-08-27,化學,193.46,0.44
2026-08-27,化學生技醫療,182.92,-0.67
2026-08-27,半導體,1536.69,-0.21
2026-08-27,塑膠,374.55,7.99
2026-08-27,居家生活,100.26,-1.12
2026-08-27,建材營造,466.53,-0.12
2026-08-27,數位雲端,40.96,0.07
2026-08-27,橡膠,196.32,-0.9
2026-08-27,水泥,121.49,-0.61
2026-08-27,汽車,297.45,0.49
2026-08-27,油電燃氣,98.9,2.82
2026-08-27,玻璃陶瓷,140.53,-0.77
2026-08-27,生技醫療,107.56,-1.09
2026-08-27,紡織纖維,479.53,-0.1
2026-08-27,綠能環保,130.31,-0.45
2026-08-27,航運,210.38,0.17
2026-08-27,觀光餐旅,102.9,-0.74
2026-08-27,貿易百貨,239.58,-1.04
2026-08-27,資訊服務,230.79,0.72
2026-08-27,通信網路,233.35,0.5
2026-08-27,造紙,287.35,0.09
2026-08-27,運動休閒,59.24,0.14
2026-08-27,金融保險,3229.67,0.2
2026-08-27,鋼鐵,121.48,-1.15
2026-08-27,電器電纜,111.0,-0.32
2026-08-27,電子通路,350.78,-1.96
2026-08-27,電子零組件,945.27,0.88
2026-08-27,電機機械,567.08,3.53
2026-08-27,電腦及週邊設備,467.07,0.36
2026-08-27,食品,1947.19,-0.53
2026-08-28,光電,75.77,2.13
2026-08-28,其他,279.47,-1.17
2026-08-28,其他電子,276.34,0.89
2026-08-28,化學,195.58,1.1
2026-08-28,化學生技醫療,182.07,-0.46
2026-08-28,半導體,1550.43,0.89
2026-08-28,塑膠,365.39,-2.45
2026-08-28,居家生活,99.69,-0.57
2026-08-28,建材營造,461.09,-1.17
2026-08-28,數位雲端,40.64,-0.78
2026-08-28,橡膠,193.95,-1.21
2026-08-28,水泥,121.27,-0.18
2026-08-28,汽車,294.56,-0.97
2026-08-28,油電燃氣,97.31,-1.61
2026-08-28,玻璃陶瓷,143.84,2.36
2026-08-28,生技醫療,106.43,-1.05
2026-08-28,紡織纖維,474.82,-0.98
2026-08-28,綠能環保,127.76,-1.96
2026-08-28,航運,206.88,-1.66
2026-08-28,觀光餐旅,102.59,-0.3
2026-08-28,貿易百貨,237.11,-1.03
2026-08-28,資訊服務,228.58,-0.96
2026-08-28,通信網路,234.53,0.51
2026-08-28,造紙,284.19,-1.1
2026-08-28,運動休閒,58.41,-1.4
2026-08-28,金融保險,3281.32,1.6
2026-08-28,鋼鐵,120.79,-0.57
2026-08-28,電器電纜,110.9,-0.09
2026-08-28,電子通路,350.44,-0.1
2026-08-28,電子零組件,958.51,1.4
2026-08-28,電機機械,554.94,-2.14
2026-08-28,電腦及週邊設備,472.69,1.2
2026-08-28,食品,1924.82,-1.15
2026-08-31,光電,78.81,4.01
2026-08-31,其他,280.69,0.44
2026-08-31,其他電子,272.12,-1.53
2026-08-31,化學,197.37,0.92
2026-08-31,化學生技醫療,175.71,-3.49
2026-08-31,半導體,1534.67,-1.02
2026-08-31,塑膠,397.94,8.91
2026-08-31,居家生活,100.93,1.24
2026-08-31,建材營造,459.36,-0.38
2026-08-31,數位雲端,40.23,-1.01
2026-08-31,橡膠,195.17,0.63
2026-08-31,水泥,121.58,0.26
2026-08-31,汽車,293.12,-0.49
2026-08-31,油電燃氣,99.69,2.45
2026-08-31,玻璃陶瓷,143.66,-0.13
2026-08-31,生技醫療,100.91,-5.19
2026-08-31,紡織纖維,475.55,0.15
2026-08-31,綠能環保,127.24,-0.41
2026-08-31,航運,209.85,1.44
2026-08-31,觀光餐旅,102.9,0.3
2026-08-31,貿易百貨,235.09,-0.85
2026-08-31,資訊服務,230.08,0.66
2026-08-31,通信網路,232.16,-1.01
2026-08-31,造紙,284.67,0.17
2026-08-31,運動休閒,58.49,0.14
2026-08-31,金融保險,3343.12,1.88
2026-08-31,鋼鐵,120.58,-0.17
2026-08-31,電器電纜,110.95,0.05
2026-08-31,電子通路,348.39,-0.58
2026-08-31,電子零組件,944.26,-1.49
2026-08-31,電機機械,545.82,-1.64
2026-08-31,電腦及週邊設備,476.4,0.78
2026-08-31,食品,1927.09,0.12
2026-09-01,光電,78.57,-0.3
2026-09-01,其他,278.42,-0.81
2026-09-01,其他電子,279.94,2.87
2026-09-01,化學,202.33,2.51
2026-09-01,化學生技醫療,172.94,-1.58
2026-09-01,半導體,1567.08,2.11
2026-09-01,塑膠,395.57,-0.6
2026-09-01,居家生活,100.82,-0.11
2026-09-01,建材營造,460.81,0.32
2026-09-01,數位雲端,40.1,-0.32
2026-09-01,橡膠,196.58,0.72
2026-09-01,水泥,124.79,2.64
2026-09-01,汽車,296.13,1.03
2026-09-01,油電燃氣,103.57,3.89
2026-09-01,玻璃陶瓷,144.69,0.72
2026-09-01,生技醫療,97.62,-3.26
2026-09-01,紡織纖維,485.16,2.02
2026-09-01,綠能環保,129.71,1.94
2026-09-01,航運,210.77,0.44
2026-09-01,觀光餐旅,102.97,0.07
2026-09-01,貿易百貨,235.04,-0.02
2026-09-01,資訊服務,229.14,-0.41
2026-09-01,通信網路,239.05,2.97
2026-09-01,造紙,283.64,-0.36
2026-09-01,運動休閒,58.48,-0.02
2026-09-01,金融保險,3391.58,1.45
2026-09-01,鋼鐵,121.23,0.54
2026-09-01,電器電纜,110.24,-0.64
2026-09-01,電子通路,350.8,0.69
2026-09-01,電子零組件,955.66,1.21
2026-09-01,電機機械,559.73,2.55
2026-09-01,電腦及週邊設備,487.05,2.24
2026-09-01,食品,1926.23,-0.04
2026-09-02,光電,79.79,1.55
2026-09-02,其他,278.52,0.04
2026-09-02,其他電子,273.11,-2.44
2026-09-02,化學,198.65,-1.82
2026-09-02,化學生技醫療,171.03,-1.1
2026-09-02,半導體,1534.51,-2.08
2026-09-02,塑膠,396.63,0.27
2026-09-02,居家生活,100.57,-0.25
2026-09-02,建材營造,458.88,-0.42
2026-09-02,數位雲端,39.63,-1.17
2026-09-02,橡膠,195.69,-0.45
2026-09-02,水泥,123.3,-1.19
2026-09-02,汽車,295.43,-0.24
2026-09-02,油電燃氣,105.89,2.24
2026-09-02,玻璃陶瓷,143.55,-0.79
2026-09-02,生技醫療,96.84,-0.8
2026-09-02,紡織纖維,483.13,-0.42
2026-09-02,綠能環保,127.16,-1.97
2026-09-02,航運,209.18,-0.75
2026-09-02,觀光餐旅,103.26,0.28
2026-09-02,貿易百貨,236.42,0.59
2026-09-02,資訊服務,229.64,0.22
2026-09-02,通信網路,238.91,-0.06
2026-09-02,造紙,284.95,0.46
2026-09-02,運動休閒,58.28,-0.34
2026-09-02,金融保險,3406.93,0.45
2026-09-02,鋼鐵,121.16,-0.06
2026-09-02,電器電纜,109.24,-0.91
2026-09-02,電子通路,349.13,-0.48
2026-09-02,電子零組件,918.79,-3.86
2026-09-02,電機機械,552.21,-1.34
2026-09-02,電腦及週邊設備,485.42,-0.33
2026-09-02,食品,1934.92,0.45
2026-09-03,光電,75.61,-5.24
2026-09-03,其他,275.67,-1.02
2026-09-03,其他電子,270.37,-1.0
2026-09-03,化學,193.03,-2.83
2026-09-03,化學生技醫療,170.06,-0.57
2026-09-03,半導體,1532.13,-0.16
2026-09-03,塑膠,375.01,-5.45
2026-09-03,居家生活,99.63,-0.93
2026-09-03,建材營造,460.58,0.37
2026-09-03,數位雲端,39.11,-1.31
2026-09-03,橡膠,193.81,-0.96
2026-09-03,水泥,122.8,-0.41
2026-09-03,汽車,294.17,-0.43
2026-09-03,油電燃氣,103.34,-2.41
2026-09-03,玻璃陶瓷,138.56,-3.48
2026-09-03,生技醫療,97.24,0.41
2026-09-03,紡織纖維,480.09,-0.63
2026-09-03,綠能環保,128.49,1.05
2026-09-03,航運,212.14,1.42
2026-09-03,觀光餐旅,102.72,-0.52
2026-09-03,貿易百貨,236.0,-0.18
2026-09-03,資訊服務,227.96,-0.73
2026-09-03,通信網路,236.92,-0.83
2026-09-03,造紙,285.93,0.34
2026-09-03,運動休閒,57.84,-0.75
2026-09-03,金融保險,3481.59,2.19
2026-09-03,鋼鐵,121.28,0.1
2026-09-03,電器電纜,107.98,-1.15
2026-09-03,電子通路,347.26,-0.54
2026-09-03,電子零組件,892.86,-2.82
2026-09-03,電機機械,538.36,-2.51
2026-09-03,電腦及週邊設備,473.62,-2.43
2026-09-03,食品,1918.92,-0.83
